Station,code,construction,fermeture,latitude,ligne,ligne 1,mise en service 1,ligne 2,mise en service 2,ligne 3,mise en service 3,ligne 4,mise en service 4,ligne 5,mise en service 5,longitude,url,nom inaugural,station précédente 1,station suivante 1,station précédente 2,station suivante 2,station précédente 3,station suivante 3,station précédente 4,station suivante 4,station précédente 5,station suivante 5
Abbesses,3105,,,48.88441765,12,12,30 janvier 1913,,,,,,,,,2.338712812,https://fr.wikipedia.org/w/index.php?title=Abbesses_(m%C3%A9tro_de_Paris)&action=raw,,Lamarck - Caulaincourt (métro de Paris)|Lamarck - Caulaincourt,Pigalle (métro de Paris)|Pigalle,,,,,,,,
Alésia,15-05,,,48.82839851,4,4,30 octobre 1909,,,,,,,,,2.326745674,https://fr.wikipedia.org/w/index.php?title=Al%C3%A9sia_(m%C3%A9tro_de_Paris)&action=raw,,Mouton-Duvernet (métro de Paris)|Mouton-Duvernet,Porte d'Orléans (métro de Paris)|Porte d'Orléans,,,,,,,,
Alexandre Dumas,513,,,48.85617445,2,2,31 Janvier 1903,,,,,,,,,2.394989816,https://fr.wikipedia.org/w/index.php?title=Alexandre_Dumas_(m%C3%A9tro_de_Paris)&action=raw,Bagnolet,Philippe Auguste (métro de Paris)|Philippe Auguste,Avron (métro de Paris)|Avron,,,,,,,,
Alma - Marceau,18-03,,,48.864904,9,9,27 mai 1923,,,,,,,,,2.300234,https://fr.wikipedia.org/w/index.php?title=Alma_-_Marceau_(m%C3%A9tro_de_Paris)&action=raw,,Iéna (métro de Paris)|Iéna,Franklin D. Roosevelt (métro de Paris)|Franklin D. Roosevelt,,,,,,,,
Anatole France,2914,,,48.892022,3,3,24 septembre 1937,,,,,,,,,2.285536,https://fr.wikipedia.org/w/index.php?title=Anatole_France_(m%C3%A9tro_de_Paris)&action=raw,,Pont de Levallois - Bécon (métro de Paris)|Pont de Levallois - Bécon,Louise Michel (métro de Paris)|Louise Michel,,,,,,,,
Anvers,3104,,,48.88300713,2,2,7 octobre 1902,,,,,,,,,2.344848812,https://fr.wikipedia.org/w/index.php?title=Anvers_(m%C3%A9tro_de_Paris)&action=raw,,Pigalle (métro de Paris)|Pigalle,Barbès - Rochechouart (métro de Paris)|Barbès - Rochechouart,,,,,,,,
Argentine,1811,,,48.87553309,1,1,1 septembre 1900,,,,,,,,,2.289321664,https://fr.wikipedia.org/w/index.php?title=Argentine_(m%C3%A9tro_de_Paris)&action=raw,,Porte Maillot (métro de Paris)|Porte Maillot,Charles de Gaulle - Étoile (métro de Paris)|Charles de Gaulle - Étoile,,,,,,,,
Arts et Métiers,803,,,48.8655,"3, 11",3,19 octobre 1904,11,28 avril 1935,,,,,,,2.3561,https://fr.wikipedia.org/w/index.php?title=Arts_et_M%C3%A9tiers_(m%C3%A9tro_de_Paris)&action=raw,,Réaumur - Sébastopol (métro de Paris)|Réaumur - Sébastopol,Temple (métro de Paris)|Temple,Rambuteau (métro de Paris)|Rambuteau,République (métro de Paris)|République,,,,,,
Assemblée nationale,10-13,,,48.86065457,12,12,5 novembre 1910,,,,,,,,,2.321130037,https://fr.wikipedia.org/w/index.php?title=Assembl%C3%A9e_nationale_(m%C3%A9tro_de_Paris)&action=raw,Chambre des députés,Concorde (métro de Paris)|Concorde,Solférino (métro de Paris)|Solférino,,,,,,,,
Aubervilliers - Pantin - Quatre Chemins,03-05,,,48.90389694,7,7,4 octobre 1979,,,,,,,,,2.392495573,https://fr.wikipedia.org/w/index.php?title=Aubervilliers_-_Pantin_-_Quatre_Chemins_(m%C3%A9tro_de_Paris)&action=raw,,Fort d'Aubervilliers (métro de Paris)|Fort d'Aubervilliers,Porte de la Villette (métro de Paris)|Porte de la Villette,,,,,,,,
Avenue Émile-Zola,17-06,,,48.84697701,10,10,13 juillet 1913,,,,,,,,,2.294511795,https://fr.wikipedia.org/w/index.php?title=Avenue_%C3%89mile-Zola_(m%C3%A9tro_de_Paris)&action=raw,,Charles Michels (métro de Paris)|Charles Michels,La Motte-Picquet - Grenelle (métro de Paris)|La Motte-Picquet - Grenelle,,,,,,,,
Avron,05-12,,,48.85194019,2,2,2 avril 1903,,,,,,,,,2.397862673,https://fr.wikipedia.org/w/index.php?title=Avron_(m%C3%A9tro_de_Paris)&action=raw,,Alexandre Dumas (métro de Paris)|Alexandre Dumas,Nation (métro de Paris)|Nation,,,,,,,,
Balard,1609,,,48.83627546,8,8,27 juillet 1937,,,,,,,,,2.278218327,https://fr.wikipedia.org/w/index.php?title=Balard_(m%C3%A9tro_de_Paris)&action=raw,,''Terminus''',Lourmel (métro de Paris)|Lourmel,,,,,,,,
Barbès - Rochechouart,2107,,,48.88364,"2, 4",2,26 mars 1903,4,21 avril 1908,,,,,,,2.350516,https://fr.wikipedia.org/w/index.php?title=Barb%C3%A8s_-_Rochechouart_(m%C3%A9tro_de_Paris)&action=raw,,Anvers (métro de Paris)|Anvers,La Chapelle (métro de Paris)|La Chapelle,Château Rouge (métro de Paris)|Château Rouge,Gare du Nord (métro de Paris)|Gare du Nord,,,,,,
Basilique de Saint-Denis,1915,,,48.93809957,13,13,20 juin 1976,,,,,,,,,2.360845506,https://fr.wikipedia.org/w/index.php?title=Basilique_de_Saint-Denis_(m%C3%A9tro_de_Paris)&action=raw,Saint-Denis - Basilique,Saint-Denis - Université (métro de Paris)|Saint-Denis - Université,Saint-Denis - Porte de Paris (métro de Paris)|Saint-Denis - Porte de Paris,,,,,,,,
Bastille,1212,,,48.853082,"1, 5, 8",1,19 juillet 1900,5,17 décembre 1906,8,5 mai 1931,,,,,2.369077,https://fr.wikipedia.org/w/index.php?title=Bastille_(m%C3%A9tro_de_Paris)&action=raw,,Saint-Paul (métro de Paris)|Saint-Paul,Gare de Lyon (métro de Paris)|Gare de Lyon,Bréguet - Sabin (métro de Paris)|Bréguet - Sabin,Quai de la Rapée (métro de Paris)|Quai de la Rapée,Chemin Vert (métro de Paris)|Chemin Vert,Ledru-Rollin (métro de Paris)|Ledru-Rollin,,,,
Bel-Air,1312,,,48.8413443,6,6,1 mars 1909,,,,,,,,,2.400912344,https://fr.wikipedia.org/w/index.php?title=Bel-Air_(m%C3%A9tro_de_Paris)&action=raw,,Daumesnil (métro de Paris)|Daumesnil,Picpus (métro de Paris)|Picpus,,,,,,,,
Belleville,24-12,,,48.87208261,"2, 11",2,31 janvier 1903,11,28 avril 1935,,,,,,,2.376946807,https://fr.wikipedia.org/w/index.php?title=Belleville_(m%C3%A9tro_de_Paris)&action=raw,,Colonel Fabien (métro de Paris)|Colonel Fabien,Couronnes (métro de Paris)|Couronnes,Goncourt (métro de Paris)|Goncourt,Pyrénées (métro de Paris)|Pyrénées,,,,,,
Bercy,13-07 et BCY,,,48.84042809,"6, 14",6,1 mars 1909,14,15 octobre 1998,,,,,,,2.379582969,https://fr.wikipedia.org/w/index.php?title=Bercy_(m%C3%A9tro_de_Paris)&action=raw,,Quai de la Gare (métro de Paris)|Quai de la Gare,Dugommier (métro de Paris)|Dugommier,Gare de Lyon (métro de Paris)|Gare de Lyon,Cour Saint-Émilion (métro de Paris)|Cour Saint-Émilion,,,,,,
Bibliothèque François-Mitterrand,15-03 et BIB,,,48.82960597,14,14,15 octobre 1998,,,,,,,,,2.376092612,https://fr.wikipedia.org/w/index.php?title=Biblioth%C3%A8que_Fran%C3%A7ois-Mitterrand_(m%C3%A9tro_de_Paris)&action=raw,,Cour Saint-Émilion (métro de Paris)|Cour Saint-Émilion,Olympiades (métro de Paris)|Olympiades,,,,,,,,
Billancourt,28-09,,,48.83208981,9,9,3 février 1934,,,,,,,,,2.238177359,https://fr.wikipedia.org/w/index.php?title=Billancourt_(m%C3%A9tro_de_Paris)&action=raw,,Pont de Sèvres (métro de Paris)|Pont de Sèvres,Marcel Sembat (métro de Paris)|Marcel Sembat,,,,,,,,
Bir-Hakeim,1004,,,48.853917,6,6,24 avril 1906,,,,,,,,,2.289332,https://fr.wikipedia.org/w/index.php?title=Bir-Hakeim_(m%C3%A9tro_de_Paris)&action=raw,Grenelle,Passy (métro de Paris)|Passy,Dupleix (métro de Paris)|Dupleix,,,,,,,,
Blanche,3107,,,48.883459,2,2,21 octobre 1902,,,,,,,,,2.333703,https://fr.wikipedia.org/w/index.php?title=Blanche_(m%C3%A9tro_de_Paris)&action=raw,,Place de Clichy (métro de Paris)|Place de Clichy,Pigalle (métro de Paris)|Pigalle,,,,,,,,
Bobigny - Pablo Picasso,312,,,48.906538,5,5,25 avril 1985,,,,,,,,,2.449994,https://fr.wikipedia.org/w/index.php?title=Bobigny_-_Pablo_Picasso_(m%C3%A9tro_de_Paris)&action=raw,,''Terminus''',Bobigny - Pantin - Raymond Queneau (métro de Paris)|Bobigny - Pantin - Raymond Queneau,,,,,,,,
Bobigny - Pantin - Raymond Queneau,03-11,,,48.89540875,5,5,25 avril 1985,,,,,,,,,2.424928844,https://fr.wikipedia.org/w/index.php?title=Bobigny_-_Pantin_-_Raymond_Queneau_(m%C3%A9tro_de_Paris)&action=raw,,Bobigny - Pablo Picasso (métro de Paris)|Bobigny - Pablo Picasso,Église de Pantin (métro de Paris)|Église de Pantin,,,,,,,,
Boissière,17-14,,,48.86738609,6,6,2 octobre 1900,,,,,,,,,2.290391922,https://fr.wikipedia.org/w/index.php?title=Boissi%C3%A8re_(m%C3%A9tro_de_Paris)&action=raw,,Kléber (métro de Paris)|Kléber,Trocadéro (métro de Paris)|Trocadéro,,,,,,,,
Bolivar,2214,,,48.88050244,7bis,7bis,18 janvier 1911,,,,,,,,,2.374921739,https://fr.wikipedia.org/w/index.php?title=Bolivar_(m%C3%A9tro_de_Paris)&action=raw,,Jaurès (métro de Paris)|Jaurès,Buttes Chaumont (métro de Paris)|Buttes Chaumont,,,,,,,,
Bonne-Nouvelle,1108,,,48.87063948,"8, 9",8,5 mai 1931,9,10 décembre 1933,,,,,,,2.348874807,https://fr.wikipedia.org/w/index.php?title=Bonne-Nouvelle_(m%C3%A9tro_de_Paris)&action=raw,,Grands Boulevards (métro de Paris)|Grands Boulevards,Strasbourg - Saint-Denis (métro de Paris)|Strasbourg - Saint-Denis,Grands Boulevards (métro de Paris)|Grands Boulevards,Strasbourg - Saint-Denis (métro de Paris)|Strasbourg - Saint-Denis,,,,,,
Botzaris,23-09,,,48.87955169,7bis,7bis,18 janvier 1911,,,,,,,,,2.388040423,https://fr.wikipedia.org/w/index.php?title=Botzaris_(m%C3%A9tro_de_Paris)&action=raw,,Buttes Chaumont (métro de Paris)|Buttes Chaumont,"Danube (métro de Paris)|Danube', 'Place des Fêtes (métro de Paris)|Place des Fêtes",,,,,,,,
Boucicaut,1611,,,48.841101,8,8,27 juillet 1937,,,,,,,,,2.287817,https://fr.wikipedia.org/w/index.php?title=Boucicaut_(m%C3%A9tro_de_Paris)&action=raw,,Lourmel (métro de Paris)|Lourmel,Félix Faure (métro de Paris)|Félix Faure,,,,,,,,
Boulogne - Jean Jaurès,29-04,,,48.84227813,10,10,3 octobre 1980,,,,,,,,,2.238877416,https://fr.wikipedia.org/w/index.php?title=Boulogne_-_Jean_Jaur%C3%A8s_(m%C3%A9tro_de_Paris)&action=raw,,Boulogne - Pont de Saint-Cloud (métro de Paris)|Boulogne - Pont de Saint-Cloud,"Porte d'Auteuil (métro de Paris)|Porte d'Auteuil, 'Michel-Ange - Molitor (métro de Paris)|Michel-Ange - Molitor",,,,,,,,
Boulogne - Pont de Saint-Cloud,29-05,,,48.840684,10,10,2 octobre 1981,,,,,,,,,2.228331,https://fr.wikipedia.org/w/index.php?title=Boulogne_-_Pont_de_Saint-Cloud_(m%C3%A9tro_de_Paris)&action=raw,,''Terminus''',Boulogne - Jean Jaurès (métro de Paris)|Boulogne - Jean Jaurès,,,,,,,,
Bourse,1104,,,48.86873757,3,3,19 octobre 1904,,,,,,,,,2.341369987,https://fr.wikipedia.org/w/index.php?title=Bourse_(m%C3%A9tro_de_Paris)&action=raw,,Quatre-Septembre (métro de Paris)|Quatre-Septembre,Sentier (métro de Paris)|Sentier,,,,,,,,
Brochant,3008,,,48.8908555,13,13,20 janvier 1912,,,,,,,,,2.31970042,https://fr.wikipedia.org/w/index.php?title=Brochant_(m%C3%A9tro_de_Paris)&action=raw,,Porte de Clichy (métro de Paris)|Porte de Clichy,La Fourche (métro de Paris)|La Fourche,,,,,,,,
Buttes Chaumont,23-13,,,48.87850037,7bis,7bis,13 février 1912,,,,,,,,,2.381772101,https://fr.wikipedia.org/w/index.php?title=Buttes_Chaumont_(m%C3%A9tro_de_Paris)&action=raw,,Bolivar (métro de Paris)|Bolivar,Botzaris (métro de Paris)|Botzaris,,,,,,,,
Buzenval,05-05,,,48.851976,9,9,10 décembre 1933,,,,,,,,,2.402045,https://fr.wikipedia.org/w/index.php?title=Buzenval_(m%C3%A9tro_de_Paris)&action=raw,,Nation (métro de Paris)|Nation,Maraîchers (métro de Paris)|Maraîchers,,,,,,,,
Cadet,2103,,,48.87613482,7,7,5 novembre 1910,,,,,,,,,2.344875634,https://fr.wikipedia.org/w/index.php?title=Cadet_(m%C3%A9tro_de_Paris)&action=raw,,Poissonnière (métro de Paris)|Poissonnière,Le Peletier (métro de Paris)|Le Peletier,,,,,,,,
Cambronne,202,,,48.84753654,6,6,24 avril 1906,,,,,,,,,2.302936614,https://fr.wikipedia.org/w/index.php?title=Cambronne_(m%C3%A9tro_de_Paris)&action=raw,,La Motte-Picquet - Grenelle (métro de Paris)|La Motte-Picquet - Grenelle,Sèvres - Lecourbe (métro de Paris)|Sèvres - Lecourbe,,,,,,,,
Campo-Formio,14-12,,,48.83502241,5,5,6 juin 1906,,,,,,,,,2.358128428,https://fr.wikipedia.org/w/index.php?title=Campo-Formio_(m%C3%A9tro_de_Paris)&action=raw,,Saint-Marcel (métro de Paris)|Saint-Marcel,Place d'Italie (métro de Paris)|Place d'Italie,,,,,,,,
Cardinal Lemoine,1206,,,48.8471394,10,10,26 avril 1931,,,,,,,,,2.351202965,https://fr.wikipedia.org/w/index.php?title=Cardinal_Lemoine_(m%C3%A9tro_de_Paris)&action=raw,,Maubert - Mutualité (métro de Paris)|Maubert - Mutualité,Jussieu (métro de Paris)|Jussieu,,,,,,,,
Carrefour Pleyel,19-13,,,48.91994192,13,13,30 juin 1952,,,,,,,,,2.343926132,https://fr.wikipedia.org/w/index.php?title=Carrefour_Pleyel_(m%C3%A9tro_de_Paris)&action=raw,,Saint-Denis - Porte de Paris (métro de Paris)|Saint-Denis - Porte de Paris,Mairie de Saint-Ouen (métro de Paris)|Mairie de Saint-Ouen,,,,,,,,
Censier - Daubenton,1204,,,48.840597,"7, 10",7,26 avril 1931,10,15 février 1930,,,,,,,2.351774,https://fr.wikipedia.org/w/index.php?title=Censier_-_Daubenton_(m%C3%A9tro_de_Paris)&action=raw,,Place Monge (métro de Paris)|Place Monge,Les Gobelins (métro de Paris)|Les Gobelins,,,,,,,,
Champs-Élysées - Clemenceau,1001,,,48.86741142,"1, 13",1,19 juillet 1900,13,18 février 1975,,,,,,,2.31395945,https://fr.wikipedia.org/w/index.php?title=Champs-%C3%89lys%C3%A9es_-_Clemenceau_(m%C3%A9tro_de_Paris)&action=raw,,Franklin D. Roosevelt (métro de Paris)|Franklin D. Roosevelt,Concorde (métro de Paris)|Concorde,Miromesnil (métro de Paris)|Miromesnil,Invalides (métro de Paris)|Invalides,,,,,,
Chardon-Lagache,711,,,48.84513775,10,10,30 septembre 1913,,,,,,,,,2.26621449,https://fr.wikipedia.org/w/index.php?title=Chardon-Lagache_(m%C3%A9tro_de_Paris)&action=raw,,Michel-Ange - Molitor (métro de Paris)|Michel-Ange - Molitor,Mirabeau (métro de Paris)|Mirabeau,,,,,,,,
Gare d'Austerlitz,907,,,48.84262588,"5, 10",5,2 juin 1906,10,2 juillet 1939,,,,,,,2.364970744,https://fr.wikipedia.org/w/index.php?title=Gare_d%27Austerlitz_(m%C3%A9tro_de_Paris)&action=raw,,Quai de la Rapée (métro de Paris)|Quai de la Rapée,Saint-Marcel (métro de Paris)|Saint-Marcel,Jussieu (métro de Paris)|Jussieu,''Terminus''',,,,,,
Charenton - Écoles,25-13,,,48.82148972,8,8,5 octobre 1942,,,,,,,,,2.41386205,https://fr.wikipedia.org/w/index.php?title=Charenton_-_%C3%89coles_(m%C3%A9tro_de_Paris)&action=raw,,Liberté (métro de Paris)|Liberté,École vétérinaire de Maisons-Alfort (métro de Paris)|École vétérinaire de Maisons-Alfort,,,,,,,,
Charles de Gaulle - Étoile,1812,,,48.8744076,"1, 2, 6",1,1 septembre 1900,2,13 décembre 1900,6,6 Octobre 1942,5,14 octobre 1907,,,2.295762685,https://fr.wikipedia.org/w/index.php?title=Charles_de_Gaulle_-_%C3%89toile_(m%C3%A9tro_de_Paris)&action=raw,Étoile,Argentine (métro de Paris)|Argentine,George V (métro de Paris)|George V,Victor Hugo (métro de Paris)|Victor Hugo,Ternes (métro de Paris)|Ternes,''Terminus''',Kléber (métro de Paris)|Kléber,,,,
Charles Michels,1613,,,48.846591,10,10,13 juillet 1913,,,,,,,,,2.286942,https://fr.wikipedia.org/w/index.php?title=Charles_Michels_(m%C3%A9tro_de_Paris)&action=raw,Beaugrenelle,Javel - André Citroën (métro de Paris)|Javel - André Citroën,Avenue Émile-Zola (métro de Paris)|Avenue Émile-Zola,,,,,,,,
Charonne,24-02,,,48.85510281,9,9,10 décembre 1933,,,,,,,,,2.384639382,https://fr.wikipedia.org/w/index.php?title=Charonne_(m%C3%A9tro_de_Paris)&action=raw,,Voltaire (métro de Paris)|Voltaire,Rue des Boulets (métro de Paris)|Rue des Boulets,,,,,,,,
Château d'Eau,1111,,,48.8729012,4,4,21 avril 1908,,,,,,,,,2.356148958,https://fr.wikipedia.org/w/index.php?title=Ch%C3%A2teau_d%27Eau_(m%C3%A9tro_de_Paris)&action=raw,,Gare de l'Est (métro de Paris)|Gare de l'Est,Strasbourg - Saint-Denis (métro de Paris)|Strasbourg - Saint-Denis,,,,,,,,
Château-Landon,2111,,,48.87845627,7,7,5 novembre 1910,,,,,,,,,2.362071276,https://fr.wikipedia.org/w/index.php?title=Ch%C3%A2teau-Landon_(m%C3%A9tro_de_Paris)&action=raw,,Louis Blanc (métro de Paris)|Louis Blanc,Gare de l'Est (métro de Paris)|Gare de l'Est,,,,,,,,
Château Rouge,21-04,,,48.88673,4,4,21 avril 1908,,,,,,,,,2.349552,https://fr.wikipedia.org/w/index.php?title=Ch%C3%A2teau_Rouge_(m%C3%A9tro_de_Paris)&action=raw,,Marcadet - Poissonniers (métro de Paris)|Marcadet - Poissonniers,Barbès - Rochechouart (métro de Paris)|Barbès - Rochechouart,,,,,,,,
Châtelet,108,,,48.85851952,"1, 4, 7, 11, 14",1,6 aout 1900,4,21 avril 1908,7,16 avril 1926,11,28 avril 1935,14,15 octobre 1998,2.347119401,https://fr.wikipedia.org/w/index.php?title=Ch%C3%A2telet_(m%C3%A9tro_de_Paris)&action=raw,,Louvre - Rivoli (métro de Paris)|Louvre - Rivoli,Hôtel de Ville (métro de Paris)|Hôtel de Ville,Les Halles (métro de Paris)|Les Halles,Cité (métro de Paris)|Cité,Pont-Neuf (métro de Paris)|Pont-Neuf,Pont Marie (métro de Paris)|Pont Marie,''Terminus''',Hôtel de Ville (métro de Paris)|Hôtel de Ville,Pyramides (métro de Paris)|Pyramides,Gare de Lyon (métro de Paris)|Gare de Lyon
Châtillon - Montrouge,27-09,,,48.81053942,13,13,9 novembre 1976,15,,,,,,,,2.301826179,https://fr.wikipedia.org/w/index.php?title=Ch%C3%A2tillon_-_Montrouge_(m%C3%A9tro_de_Paris)&action=raw,,Malakoff - Rue Étienne-Dolet (métro de Paris)|Malakoff - Rue Étienne-Dolet,''Terminus''',Fort d'Issy - Vanves - Clamart (métro de Paris)|Fort d'Issy - Vanves - Clamart,Bagneux - Lucie Aubrac (métro de Paris)|Bagneux - Lucie Aubrac,,,,,,
Chaussée d'Antin - La Fayette,2101,,,48.87307232,"7, 9",7,5 novembre 1910,9,3 juin 1923,,,,,,,2.333932221,https://fr.wikipedia.org/w/index.php?title=Chauss%C3%A9e_d%27Antin_-_La_Fayette_(m%C3%A9tro_de_Paris)&action=raw,,Le Peletier (métro de Paris)|Le Peletier,Opéra (métro de Paris)|Opéra,Havre - Caumartin (métro de Paris)|Havre - Caumartin,Richelieu - Drouot (métro de Paris)|Richelieu - Drouot,,,,,,
Chemin Vert,1213,,,48.85677758,8,8,5 mai 1931,,,,,,,,,2.368347645,https://fr.wikipedia.org/w/index.php?title=Chemin_Vert_(m%C3%A9tro_de_Paris)&action=raw,,Saint-Sébastien - Froissart (métro de Paris)|Saint-Sébastien - Froissart,Bastille (métro de Paris)|Bastille,,,,,,,,
Chevaleret,902,,,48.83493767,6,6,1er mars 1909,,,,,,,,,2.368082106,https://fr.wikipedia.org/w/index.php?title=Chevaleret_(m%C3%A9tro_de_Paris)&action=raw,,Nationale (métro de Paris)|Nationale,Quai de la Gare (métro de Paris)|Quai de la Gare,,,,,,,,
Cité,114,,,48.85510059,4,4,10 décembre 1910,,,,,,,,,2.346720374,https://fr.wikipedia.org/w/index.php?title=Cit%C3%A9_(m%C3%A9tro_de_Paris)&action=raw,,Châtelet (métro de Paris)|Châtelet,Saint-Michel (métro de Paris)|Saint-Michel,,,,,,,,
Cluny - La Sorbonne,105,,,48.85105028,10,10,15 février 1930,,,,,,,,,2.344273345,https://fr.wikipedia.org/w/index.php?title=Cluny_-_La_Sorbonne_(m%C3%A9tro_de_Paris)&action=raw,,Odéon (métro de Paris)|Odéon,Maubert - Mutualité (métro de Paris)|Maubert - Mutualité,,,,,,,,
Colonel Fabien,2215,,,48.877136,2,2,31 janvier 1903,,,,,,,,,2.37116,https://fr.wikipedia.org/w/index.php?title=Colonel_Fabien_(m%C3%A9tro_de_Paris)&action=raw,Combat,Jaurès (métro de Paris)|Jaurès,Belleville (métro de Paris)|Belleville,,,,,,,,
Commerce,17-05,,,48.845093,8,8,27 juillet 1937,,,,,,,,,2.294215,https://fr.wikipedia.org/w/index.php?title=Commerce_(m%C3%A9tro_de_Paris)&action=raw,,Félix Faure (métro de Paris)|Félix Faure,La Motte-Picquet - Grenelle (métro de Paris)|La Motte-Picquet - Grenelle,,,,,,,,
Concorde,1002,,,48.866176,"1, 8, 12",1,13 août 1900,8,5 novembre 1910,12,5 novembre 1910,,,,,2.322397,https://fr.wikipedia.org/w/index.php?title=Concorde_(m%C3%A9tro_de_Paris)&action=raw,,Champs-Élysées - Clemenceau (métro de Paris)|Champs-Élysées - Clemenceau,Tuileries (métro de Paris)|Tuileries,Invalides (métro de Paris)|Invalides,Madeleine (métro de Paris)|Madeleine,Madeleine (métro de Paris)|Madeleine,Assemblée nationale (métro de Paris)|Assemblée nationale,,,,
Convention,1605,,,48.837419,12,12,5 novembre 1910,,,,,,,,,2.296795,https://fr.wikipedia.org/w/index.php?title=Convention_(m%C3%A9tro_de_Paris)&action=raw,,Vaugirard (métro de Paris)|Vaugirard,Porte de Versailles (métro de Paris)|Porte de Versailles,,,,,,,,
Corentin Cariou,22-04,,,48.89473,7,7,5 novembre 1910,,,,,,,,,2.382307,https://fr.wikipedia.org/w/index.php?title=Corentin_Cariou_(m%C3%A9tro_de_Paris)&action=raw,Pont de Flandre,Porte de la Villette (métro de Paris)|Porte de la Villette,Crimée (métro de Paris)|Crimée,,,,,,,,
Corentin Celton,2802,,,48.826833,12,12,24 mars 1934,,,,,,,,,2.278985,https://fr.wikipedia.org/w/index.php?title=Corentin_Celton_(m%C3%A9tro_de_Paris)&action=raw,Petits Ménages,Porte de Versailles (métro de Paris)|Porte de Versailles,Mairie d'Issy (métro de Paris)|Mairie d'Issy,,,,,,,,
Corvisart,1415,,,48.82980683,6,6,24 avril 1906,,,,,,,,,2.350508273,https://fr.wikipedia.org/w/index.php?title=Corvisart_(m%C3%A9tro_de_Paris)&action=raw,,Glacière (métro de Paris)|Glacière,Place d'Italie (métro de Paris)|Place d'Italie,,,,,,,,
Cour Saint-Émilion,15-01 et EMI,,,48.83333856,14,14,15 octobre 1998,,,,,,,,,2.386632402,https://fr.wikipedia.org/w/index.php?title=Cour_Saint-%C3%89milion_(m%C3%A9tro_de_Paris)&action=raw,,Bercy (métro de Paris)|Bercy,Bibliothèque François-Mitterrand (métro de Paris)|Bibliothèque François-Mitterrand,,,,,,,,
Courcelles,1815,,,48.879401,2,2,7 octobre 1902,,,,,,,,,2.304339,https://fr.wikipedia.org/w/index.php?title=Courcelles_(m%C3%A9tro_de_Paris)&action=raw,,Ternes (métro de Paris)|Ternes,Monceau (métro de Paris)|Monceau,,,,,,,,
Couronnes,24-13,,,48.869521,2,2,31 janvier 1903,,,,,,,,,2.379861,https://fr.wikipedia.org/w/index.php?title=Couronnes_(m%C3%A9tro_de_Paris)&action=raw,,Belleville (métro de Paris)|Belleville,Ménilmontant (métro de Paris)|Ménilmontant,,,,,,,,
Créteil - L'Échat,2505,,,48.79596297,8,8,24 septembre 1973,15,,,,,,,,2.449355721,https://fr.wikipedia.org/w/index.php?title=Cr%C3%A9teil_-_L%27%C3%89chat_(m%C3%A9tro_de_Paris)&action=raw,,Maisons-Alfort - Les Juilliottes (métro de Paris)|Maisons-Alfort - Les Juilliottes,Créteil - Université (métro de Paris)|Créteil - Université,Le Vert de Maisons (métro de Paris)|Le Vert de Maisons,Saint-Maur - Créteil (métro de Paris)|Saint-Maur - Créteil,,,,,,
Créteil - Préfecture,2507,,,48.77977215,8,8,10 septembre 1974,,,,,,,,,2.459317446,https://fr.wikipedia.org/w/index.php?title=Cr%C3%A9teil_-_Pr%C3%A9fecture_(m%C3%A9tro_de_Paris)&action=raw,,Créteil - Université (métro de Paris)|Créteil - Université,Pointe du Lac (métro de Paris)|Pointe du Lac,,,,,,,,
Créteil - Université,2506,,,48.78975375,8,8,10 septembre 1974,,,,,,,,,2.450785339,https://fr.wikipedia.org/w/index.php?title=Cr%C3%A9teil_-_Universit%C3%A9_(m%C3%A9tro_de_Paris)&action=raw,,Créteil - L'Échat (métro de Paris)|Créteil - L'Échat,Créteil - Préfecture (métro de Paris)|Créteil - Préfecture,,,,,,,,
Crimée,22-06,,,48.89142,7,7,5 novembre 1910,,,,,,,,,2.377377,https://fr.wikipedia.org/w/index.php?title=Crim%C3%A9e_(m%C3%A9tro_de_Paris)&action=raw,,Corentin Cariou (métro de Paris)|Corentin Cariou,Riquet (métro de Paris)|Riquet,,,,,,,,
Croix de Chavaux,25-02,,,48.858055,9,9,14 octobre 1937,,,,,,,,,2.435764,https://fr.wikipedia.org/w/index.php?title=Croix_de_Chavaux_(m%C3%A9tro_de_Paris)&action=raw,,Robespierre (métro de Paris)|Robespierre,Mairie de Montreuil (métro de Paris)|Mairie de Montreuil,,,,,,,,
Danube,23-10,,,48.88180772,7bis,7bis,18 janvier 1911,,,,,,,,,2.394201458,https://fr.wikipedia.org/w/index.php?title=Danube_(m%C3%A9tro_de_Paris)&action=raw,,Pré-Saint-Gervais (métro de Paris)|Pré-Saint-Gervais,Botzaris (métro de Paris)|Botzaris,,,,,,,,
Louis Blanc,22-10,,,48.88113745,"7, 7bis",7,5 novembre 1910,7bis,,,,,,,,2.364839315,https://fr.wikipedia.org/w/index.php?title=Louis_Blanc_(m%C3%A9tro_de_Paris)&action=raw,,Stalingrad (métro de Paris)|Stalingrad,Château-Landon (métro de Paris)|Château-Landon,''Terminus''',Jaurès (métro de Paris)|Jaurès,,,,,,
Daumesnil,13-11,,,48.8396443,"6, 8",6,1er mars 1909,8,5 mai 1931,,,,,,,2.395792007,https://fr.wikipedia.org/w/index.php?title=Daumesnil_(m%C3%A9tro_de_Paris)&action=raw,,Dugommier (métro de Paris)|Dugommier,Bel-Air (métro de Paris)|Bel-Air,Montgallet (métro de Paris)|Montgallet,Michel Bizot (métro de Paris)|Michel Bizot,,,,,,
Denfert-Rochereau,1514,,,48.8339013,"4, 6",4,24 avril 1906,6,30 octobre 190,,,,,,,2.332727909,https://fr.wikipedia.org/w/index.php?title=Denfert-Rochereau_(m%C3%A9tro_de_Paris)&action=raw,,Raspail (métro de Paris)|Raspail,Mouton-Duvernet (métro de Paris)|Mouton-Duvernet,Raspail (métro de Paris)|Raspail,Saint-Jacques (métro de Paris)|Saint-Jacques,,,,,,
Dugommier,13-08,,,48.83904937,6,6,1 mars 1909,,,,,,,,,2.389963567,https://fr.wikipedia.org/w/index.php?title=Dugommier_(m%C3%A9tro_de_Paris)&action=raw,Charenton,Bercy (métro de Paris)|Bercy,Daumesnil (métro de Paris)|Daumesnil,,,,,,,,
Dupleix,17-07,,,48.85039234,6,6,24 avril 1906,,,,,,,,,2.293610573,https://fr.wikipedia.org/w/index.php?title=Dupleix_(m%C3%A9tro_de_Paris)&action=raw,,Bir-Hakeim (métro de Paris)|Bir-Hakeim,La Motte-Picquet - Grenelle (métro de Paris)|La Motte-Picquet - Grenelle,,,,,,,,
Duroc,207,,,48.84682874,"10, 13",10,30 décembre 1923,13,27 juillet 1937,,,,,,,2.316479087,https://fr.wikipedia.org/w/index.php?title=Duroc_(m%C3%A9tro_de_Paris)&action=raw,,Ségur (métro de Paris)|Ségur,Vaneau (métro de Paris)|Vaneau,Saint-François-Xavier (métro de Paris)|Saint-François-Xavier,Montparnasse - Bienvenüe (métro de Paris)|Montparnasse - Bienvenüe,,,,,,
École Militaire,10-07,,,48.85510987,8,8,13 juillet 1913,,,,,,,,,2.306737304,https://fr.wikipedia.org/w/index.php?title=%C3%89cole_Militaire_(m%C3%A9tro_de_Paris)&action=raw,,La Motte-Picquet - Grenelle (métro de Paris)|La Motte-Picquet - Grenelle,La Tour-Maubourg (métro de Paris)|La Tour-Maubourg,,,,,,,,
École vétérinaire de Maisons-Alfort,25-14,,,48.81519006,8,8,19 septembre 1970,,,,,,,,,2.421881855,https://fr.wikipedia.org/w/index.php?title=%C3%89cole_v%C3%A9t%C3%A9rinaire_de_Maisons-Alfort_(m%C3%A9tro_de_Paris)&action=raw,Maisons-Alfort - École vétérinaire,Charenton - Écoles (métro de Paris)|Charenton - Écoles,Maisons-Alfort - Stade (métro de Paris)|Maisons-Alfort - Stade,,,,,,,,
Edgar Quinet,04-06,,,48.84104773,6,6,24 avril 1906,,,,,,,,,2.325083613,https://fr.wikipedia.org/w/index.php?title=Edgar_Quinet_(m%C3%A9tro_de_Paris)&action=raw,,Montparnasse - Bienvenüe (métro de Paris)|Montparnasse - Bienvenüe,Raspail (métro de Paris)|Raspail,,,,,,,,
Église d'Auteuil,07-08,,,48.8471694,10,10,30 septembre 1913,,,,,,,,,2.269020081,https://fr.wikipedia.org/w/index.php?title=%C3%89glise_d%27Auteuil_(m%C3%A9tro_de_Paris)&action=raw,,Michel-Ange - Auteuil (métro de Paris)|Michel-Ange - Auteuil,Javel - André Citroën (métro de Paris)|Javel - André Citroën,,,,,,,,
Église de Pantin,03-10,,,48.89362771,5,5,12 octobre 1942,,,,,,,,,2.412917912,https://fr.wikipedia.org/w/index.php?title=%C3%89glise_de_Pantin_(m%C3%A9tro_de_Paris)&action=raw,,Bobigny - Pantin - Raymond Queneau (métro de Paris)|Bobigny - Pantin - Raymond Queneau,Hoche (métro de Paris)|Hoche,,,,,,,,
Étienne Marcel,1115,,,48.86411131,4,4,21 avril 1908,,,,,,,,,2.350607514,https://fr.wikipedia.org/w/index.php?title=%C3%89tienne_Marcel_(m%C3%A9tro_de_Paris)&action=raw,,Réaumur - Sébastopol (métro de Paris)|Réaumur - Sébastopol,Les Halles (métro de Paris)|Les Halles,,,,,,,,
Europe,612,,,48.878821,3,3,19 octobre 1904,,,,,,,,,2.32238,https://fr.wikipedia.org/w/index.php?title=Europe_(m%C3%A9tro_de_Paris)&action=raw,,Villiers (métro de Paris)|Villiers,Saint-Lazare (métro de Paris)|Saint-Lazare,,,,,,,,
Exelmans,714,,,48.84240522,9,9,8 novembre 1922,,,,,,,,,2.259549201,https://fr.wikipedia.org/w/index.php?title=Exelmans_(m%C3%A9tro_de_Paris)&action=raw,,Porte de Saint-Cloud (métro de Paris)|Porte de Saint-Cloud,Michel-Ange - Molitor (métro de Paris)|Michel-Ange - Molitor,,,,,,,,
Faidherbe - Chaligny,12-01,,,48.8501576,8,8,5 mai 1931,,,,,,,,,2.38339752,https://fr.wikipedia.org/w/index.php?title=Faidherbe_-_Chaligny_(m%C3%A9tro_de_Paris)&action=raw,,Ledru-Rollin (métro de Paris)|Ledru-Rollin,Reuilly - Diderot (métro de Paris)|Reuilly - Diderot,,,,,,,,
Falguière,1601,,,48.84449,12,12,5 novembre 1910,,,,,,,,,2.317954,https://fr.wikipedia.org/w/index.php?title=Falgui%C3%A8re_(m%C3%A9tro_de_Paris)&action=raw,,Montparnasse - Bienvenüe (métro de Paris)|Montparnasse - Bienvenüe,Pasteur (métro de Paris)|Pasteur,,,,,,,,
Félix Faure,1612,,,48.842351,8,8,27 juillet 1937,,,,,,,,,2.291004,https://fr.wikipedia.org/w/index.php?title=F%C3%A9lix_Faure_(m%C3%A9tro_de_Paris)&action=raw,,Boucicaut (métro de Paris)|Boucicaut,Commerce (métro de Paris)|Commerce,,,,,,,,
Filles du Calvaire,812,,,48.86407249,8,8,5 mai 1931,,,,,,,,,2.366121411,https://fr.wikipedia.org/w/index.php?title=Filles_du_Calvaire_(m%C3%A9tro_de_Paris)&action=raw,,République (métro de Paris)|République,Saint-Sébastien - Froissart (métro de Paris)|Saint-Sébastien - Froissart,,,,,,,,
Fort d'Aubervilliers,306,,,48.91423986,7,7,4 octobre 1979,,,,,,,,,2.40378499,https://fr.wikipedia.org/w/index.php?title=Fort_d%27Aubervilliers_(m%C3%A9tro_de_Paris)&action=raw,,La Courneuve - 8 Mai 1945 (métro de Paris)|La Courneuve - 8 Mai 1945,Aubervilliers - Pantin - Quatre Chemins (métro de Paris)|Aubervilliers - Pantin - Quatre Chemins,,,,,,,,
Franklin D. Roosevelt,1807,,,48.86930523,"1, 9",1,19 juillet 1900,9,27 mai 1923,,,,,,,2.308308765,https://fr.wikipedia.org/w/index.php?title=Franklin_D._Roosevelt_(m%C3%A9tro_de_Paris)&action=raw,,George V (métro de Paris)|George V,Champs-Élysées - Clemenceau (métro de Paris)|Champs-Élysées - Clemenceau,Alma - Marceau (métro de Paris)|Alma - Marceau,Saint-Philippe du Roule (métro de Paris)|Saint-Philippe du Roule,,,,,,
Front Populaire,FPO,,,48.90689109,12,12,18 décembre 2012,,,,,,,,,2.365793764,https://fr.wikipedia.org/w/index.php?title=Front_Populaire_(m%C3%A9tro_de_Paris)&action=raw,,''Terminus''',Porte de la Chapelle (métro de Paris)|Porte de la Chapelle,,,,,,,,
Gabriel Péri,19-02,,,48.91657541,13,13,3 mai 1980,,,,,,,,,2.294388413,https://fr.wikipedia.org/w/index.php?title=Gabriel_P%C3%A9ri_(m%C3%A9tro_de_Paris)&action=raw,Gabriel Péri − Asnières-Gennevilliers,Les Agnettes (métro de Paris)|Les Agnettes,Mairie de Clichy (métro de Paris)|Mairie de Clichy,,,,,,,,
Gaîté,04-04,,,48.83865393,13,13,21 janvier 1937,,,,,,,,,2.322637439,https://fr.wikipedia.org/w/index.php?title=Ga%C3%AEt%C3%A9_(m%C3%A9tro_de_Paris)&action=raw,,Montparnasse - Bienvenüe (métro de Paris)|Montparnasse - Bienvenüe,Pernety (métro de Paris)|Pernety,,,,,,,,
Gallieni,23-05,,,48.864936,3,3,2 avril 1971,,,,,,,,,2.416637,https://fr.wikipedia.org/w/index.php?title=Gallieni_(m%C3%A9tro_de_Paris)&action=raw,,Porte de Bagnolet (métro de Paris)|Porte de Bagnolet,''Terminus''',,,,,,,,
Gambetta,2410,,,48.864947,"3, 3bis",3,25 janvier 1905,3 bis,27 mars 1971,,,,,,,2.398451,https://fr.wikipedia.org/w/index.php?title=Gambetta_(m%C3%A9tro_de_Paris)&action=raw,,Père Lachaise (métro de Paris)|Père Lachaise,Porte de Bagnolet (métro de Paris)|Porte de Bagnolet,Pelleport (métro de Paris)|Pelleport,''Terminus''',,,,,,
Gare de l'Est,2109,,,48.87614188,"4, 5, 7",4,15 novembre 1907,5,21 avril 1908,7,5 novembre 1910,,,,,2.358278632,https://fr.wikipedia.org/w/index.php?title=Gare_de_l%27Est_(m%C3%A9tro_de_Paris)&action=raw,,Gare du Nord (métro de Paris)|Gare du Nord,Château d'Eau (métro de Paris)|Château d'Eau,Gare du Nord (métro de Paris)|Gare du Nord,Jacques Bonsergent (métro de Paris)|Jacques Bonsergent,Château-Landon (métro de Paris)|Château-Landon,Poissonnière (métro de Paris)|Poissonnière,,,,
Gare de Lyon,908,,,48.84470455,"1, 14",1,19 juillet 1900,14,15 octobre 1998,5,13 juillet 1906,,,,,2.374065908,https://fr.wikipedia.org/w/index.php?title=Gare_de_Lyon_(m%C3%A9tro_de_Paris)&action=raw,,Bastille (métro de Paris)|Bastille,Reuilly - Diderot (métro de Paris)|Reuilly - Diderot,Châtelet (métro de Paris)|Châtelet,Bercy (métro de Paris)|Bercy,,,,,,
Gare du Nord,2108 et NOR,,,48.88057476,"4, 5",4,21 avril 1908,5,15 novembre 1907,,,,,,,2.354931235,https://fr.wikipedia.org/w/index.php?title=Gare_du_Nord_(m%C3%A9tro_de_Paris)&action=raw,,Barbès - Rochechouart (métro de Paris)|Barbès - Rochechouart,Gare de l'Est (métro de Paris)|Gare de l'Est,Stalingrad (métro de Paris)|Stalingrad,Gare de l'Est (métro de Paris)|Gare de l'Est,,,,,,
Garibaldi,19-10,,,48.90639693,13,13,30 juin 1952,,,,,,,,,2.331907153,https://fr.wikipedia.org/w/index.php?title=Garibaldi_(m%C3%A9tro_de_Paris)&action=raw,,Mairie de Saint-Ouen (métro de Paris)|Mairie de Saint-Ouen,Porte de Saint-Ouen (métro de Paris)|Porte de Saint-Ouen,,,,,,,,
George V,1808,,,48.87198257,1,1,13 août 1900,,,,,,,,,2.300462683,https://fr.wikipedia.org/w/index.php?title=George_V_(m%C3%A9tro_de_Paris)&action=raw,,Charles de Gaulle - Étoile (métro de Paris)|Charles de Gaulle - Étoile,Franklin D. Roosevelt (métro de Paris)|Franklin D. Roosevelt,,,,,,,,
Glacière,1508,,,48.8311505,6,6,24 avril 1906,,,,,,,,,2.343384326,https://fr.wikipedia.org/w/index.php?title=Glaci%C3%A8re_(m%C3%A9tro_de_Paris)&action=raw,,Saint-Jacques (métro de Paris)|Saint-Jacques,Corvisart (métro de Paris)|Corvisart,,,,,,,,
Goncourt,08-05,,,48.86983144,11,11,28 avril 1935,,,,,,,,,2.370686531,https://fr.wikipedia.org/w/index.php?title=Goncourt_(m%C3%A9tro_de_Paris)&action=raw,,République (métro de Paris)|République,Belleville (métro de Paris)|Belleville,,,,,,,,
Grands Boulevards,11-06,,,48.87142633,"8, 9",8,5 mai 1931,9,10 décembre 1933,,,,,,,2.344341874,https://fr.wikipedia.org/w/index.php?title=Grands_Boulevards_(m%C3%A9tro_de_Paris)&action=raw,,Richelieu - Drouot (métro de Paris)|Richelieu - Drouot,Bonne-Nouvelle (métro de Paris)|Bonne-Nouvelle,Richelieu - Drouot (métro de Paris)|Richelieu - Drouot,Bonne-Nouvelle (métro de Paris)|Bonne-Nouvelle,,,,,,
Guy Môquet,30-12,,,48.892221,13,13,26 février 1911,,,,,,,,,2.327174,https://fr.wikipedia.org/w/index.php?title=Guy_M%C3%B4quet_(m%C3%A9tro_de_Paris)&action=raw,Carrefour Marcadet,Porte de Saint-Ouen (métro de Paris)|Porte de Saint-Ouen,La Fourche (métro de Paris)|La Fourche,,,,,,,,
Hoche,309,,,48.89149389,5,5,12 octobre 1942,,,,,,,,,2.403143942,https://fr.wikipedia.org/w/index.php?title=Hoche_(m%C3%A9tro_de_Paris)&action=raw,,Église de Pantin (métro de Paris)|Église de Pantin,Porte de Pantin (métro de Paris)|Porte de Pantin,,,,,,,,
Hôtel de Ville,115,,,48.85676953,"1, 11",1,19 juillet 1900,11,28 avril 1935,,,,,,,2.35149454,https://fr.wikipedia.org/w/index.php?title=H%C3%B4tel_de_Ville_(m%C3%A9tro_de_Paris)&action=raw,,Châtelet (métro de Paris)|Châtelet,Saint-Paul (métro de Paris)|Saint-Paul,Châtelet (métro de Paris)|Châtelet,Rambuteau (métro de Paris)|Rambuteau,,,,,,
Iéna,1801,,,48.86446597,9,9,27 mai 1923,,,,,,,,,2.293379903,https://fr.wikipedia.org/w/index.php?title=I%C3%A9na_(m%C3%A9tro_de_Paris)&action=raw,,Trocadéro (métro de Paris)|Trocadéro,Alma - Marceau (métro de Paris)|Alma - Marceau,,,,,,,,
Invalides,1009,,,48.860907,"8, 13, 10",8,24 décembre 1913,13,27 juillet 1937,10,30 décembre 1923,,,,,2.314457,https://fr.wikipedia.org/w/index.php?title=Invalides_(m%C3%A9tro_de_Paris)&action=raw,,La Tour-Maubourg (métro de Paris)|La Tour-Maubourg,Concorde (métro de Paris)|Concorde,Champs-Élysées - Clemenceau (métro de Paris)|Champs-Élysées - Clemenceau,Varenne (métro de Paris)|Varenne,,,,,,
Jacques Bonsergent,804,,,48.8712005,5,5,17 décembre 1906,,,,,,,,,2.36060679,https://fr.wikipedia.org/w/index.php?title=Jacques_Bonsergent_(m%C3%A9tro_de_Paris)&action=raw,,Gare de l'Est (métro de Paris)|Gare de l'Est,République (métro de Paris)|République,,,,,,,,
Jasmin,715,,,48.85189783,9,9,8 novembre 1922,,,,,,,,,2.267856002,https://fr.wikipedia.org/w/index.php?title=Jasmin_(m%C3%A9tro_de_Paris)&action=raw,,Michel-Ange - Auteuil (métro de Paris)|Michel-Ange - Auteuil,Ranelagh (métro de Paris)|Ranelagh,,,,,,,,
Jaurès,22-12,,,48.88179008,"2, 5, 7, 7bis",2,23 février 1903,5,12 octobre 1942,7 bis,3 décembre 1967,7,18 janvier 1911,,,2.370198369,https://fr.wikipedia.org/w/index.php?title=Jaur%C3%A8s_(m%C3%A9tro_de_Paris)&action=raw,Rue d'Allemagne,Stalingrad (métro de Paris)|Stalingrad,Colonel Fabien (métro de Paris)|Colonel Fabien,Laumière (métro de Paris)|Laumière,Stalingrad (métro de Paris)|Stalingrad,Louis Blanc (métro de Paris)|Louis Blanc,Bolivar (métro de Paris)|Bolivar,,,,
Javel - André Citroën,1614,,,48.84616506,10,10,30 septembre 1913,,,,,,,,,2.278716266,https://fr.wikipedia.org/w/index.php?title=Javel_-_Andr%C3%A9_Citro%C3%ABn_(m%C3%A9tro_de_Paris)&action=raw,,"Mirabeau (métro de Paris)|Mirabeau', ""Église d'Auteuil (métro de Paris)|Église d'Auteuil",Charles Michels (métro de Paris)|Charles Michels,,,,,,,,
Jourdain,23-14,,,48.87519986,11,11,28 avril 1935,,,,,,,,,2.389507592,https://fr.wikipedia.org/w/index.php?title=Jourdain_(m%C3%A9tro_de_Paris)&action=raw,,Pyrénées (métro de Paris)|Pyrénées,Place des Fêtes (métro de Paris)|Place des Fêtes,,,,,,,,
Jules Joffrin,20-11,,,48.89243737,12,12,31 octobre 1912,,,,,,,,,2.344781756,https://fr.wikipedia.org/w/index.php?title=Jules_Joffrin_(m%C3%A9tro_de_Paris)&action=raw,,Marcadet - Poissonniers (métro de Paris)|Marcadet - Poissonniers,Lamarck - Caulaincourt (métro de Paris)|Lamarck - Caulaincourt,,,,,,,,
Jussieu,1207,,,48.846052,"7, 10",7,26 avril 1931,10,,,,,,,,2.355738,https://fr.wikipedia.org/w/index.php?title=Jussieu_(m%C3%A9tro_de_Paris)&action=raw,,Sully - Morland (métro de Paris)|Sully - Morland,Place Monge (métro de Paris)|Place Monge,Cardinal Lemoine (métro de Paris)|Cardinal Lemoine,Gare d'Austerlitz (métro de Paris)|Gare d'Austerlitz,,,,,,
Kléber,18-09,,,48.871138,6,6,2 octobre 1900,,,,,,,,,2.293118,https://fr.wikipedia.org/w/index.php?title=Kl%C3%A9ber_(m%C3%A9tro_de_Paris)&action=raw,,Charles de Gaulle - Étoile (métro de Paris)|Charles de Gaulle - Étoile,Boissière (métro de Paris)|Boissière,,,,,,,,
La Chapelle,22-09,,,48.88441111,2,2,31 janvier 1903,,,,,,,,,2.360287607,https://fr.wikipedia.org/w/index.php?title=La_Chapelle_(m%C3%A9tro_de_Paris)&action=raw,,Barbès - Rochechouart (métro de Paris)|Barbès - Rochechouart,Stalingrad (métro de Paris)|Stalingrad,,,,,,,,
La Courneuve - 8 Mai 1945,307,,,48.920777,7,7,6 mai 1987,,,,,,,,,2.410668,https://fr.wikipedia.org/w/index.php?title=La_Courneuve_-_8_Mai_1945_(m%C3%A9tro_de_Paris)&action=raw,,''Terminus''',Fort d'Aubervilliers (métro de Paris)|Fort d'Aubervilliers,,,,,,,,
La Fourche,3114,,,48.8869,13,13,26 février 1911,,,,,,,,,2.325875,https://fr.wikipedia.org/w/index.php?title=La_Fourche_(m%C3%A9tro_de_Paris)&action=raw,,"Guy Môquet (métro de Paris)|Guy Môquet', 'Brochant (métro de Paris)|Brochant",Place de Clichy (métro de Paris)|Place de Clichy,,,,,,,,
La Motte-Picquet - Grenelle,17-04,,,48.84914273,"2S, 5, 6, 8, 10",6,6 octobre 1932,8,13 juillet 1913,10,29 juillet 1937,5,17 octobre 1907,2S,24 avril 1906,2.298089862,https://fr.wikipedia.org/w/index.php?title=La_Motte-Picquet_-_Grenelle_(m%C3%A9tro_de_Paris)&action=raw,,Dupleix (métro de Paris)|Dupleix,Cambronne (métro de Paris)|Cambronne,Commerce (métro de Paris)|Commerce,École Militaire (métro de Paris)|École Militaire,Avenue Émile-Zola (métro de Paris)|Avenue Émile-Zola,Ségur (métro de Paris)|Ségur,,,,
La Muette,1711,,,48.85771818,9,9,8 novembre 1922,,,,,,,,,2.273719311,https://fr.wikipedia.org/w/index.php?title=La_Muette_(m%C3%A9tro_de_Paris)&action=raw,,Ranelagh (métro de Paris)|Ranelagh,Rue de la Pompe (métro de Paris)|Rue de la Pompe,,,,,,,,
La Tour-Maubourg,1008,,,48.857667,8,8,13 juillet 1913,,,,,,,,,2.310398519,https://fr.wikipedia.org/w/index.php?title=La_Tour-Maubourg_(m%C3%A9tro_de_Paris)&action=raw,,École Militaire (métro de Paris)|École Militaire,Invalides (métro de Paris)|Invalides,,,,,,,,
Lamarck - Caulaincourt,2012,,,48.889849,12,12,31 octobre 1912,,,,,,,,,2.338693,https://fr.wikipedia.org/w/index.php?title=Lamarck_-_Caulaincourt_(m%C3%A9tro_de_Paris)&action=raw,,Jules Joffrin (métro de Paris)|Jules Joffrin,Abbesses (métro de Paris)|Abbesses,,,,,,,,
Le Kremlin-Bicêtre,26-06,,,48.810388,7,7,10 décembre 1982,,,,,,,,,2.361849,https://fr.wikipedia.org/w/index.php?title=Le_Kremlin-Bic%C3%AAtre_(m%C3%A9tro_de_Paris)&action=raw,,Maison Blanche (métro de Paris)|Maison Blanche,Villejuif - Léo Lagrange (métro de Paris)|Villejuif - Léo Lagrange,,,,,,,,
Le Peletier,21-02,,,48.87472003,7,7,6 juin 1911,,,,,,,,,2.339548767,https://fr.wikipedia.org/w/index.php?title=Le_Peletier_(m%C3%A9tro_de_Paris)&action=raw,,Cadet (métro de Paris)|Cadet,Chaussée d'Antin - La Fayette (métro de Paris)|Chaussée d'Antin - La Fayette,,,,,,,,
Ledru-Rollin,12-15,,,48.851346,8,8,5 mai 1931,,,,,,,,,2.376121,https://fr.wikipedia.org/w/index.php?title=Ledru-Rollin_(m%C3%A9tro_de_Paris)&action=raw,,Bastille (métro de Paris)|Bastille,Faidherbe - Chaligny (métro de Paris)|Faidherbe - Chaligny,,,,,,,,
Les Agnettes,1903<br />GA31 / 31AGN,,,48.92303856,13,13,14 juin 2008,,,,,,,,,2.285891175,https://fr.wikipedia.org/w/index.php?title=Les_Agnettes_(m%C3%A9tro_de_Paris)&action=raw,,Les Courtilles (métro de Paris)|Les Courtilles,Gabriel Péri (métro de Paris)|Gabriel Péri,,,,,,,,
Les Courtilles,1904,,,48.93060576,13,13,14 juin 2008,,,,,,,,,2.283788323,https://fr.wikipedia.org/w/index.php?title=Les_Courtilles_(m%C3%A9tro_de_Paris)&action=raw,,''Terminus''',Les Agnettes (métro de Paris)|Les Agnettes,,,,,,,,
Les Gobelins,1413,,,48.8364,"7, 10",7,26 avril 1931,10,15 février 1930,,,,,,,2.35225,https://fr.wikipedia.org/w/index.php?title=Les_Gobelins_(m%C3%A9tro_de_Paris)&action=raw,,Censier - Daubenton (métro de Paris)|Censier - Daubenton,Place d'Italie (métro de Paris)|Place d'Italie,,,,,,,,
Liberté,25-12,,,48.825882,8,8,5 octobre 1942,,,,,,,,,2.407022,https://fr.wikipedia.org/w/index.php?title=Libert%C3%A9_(m%C3%A9tro_de_Paris)&action=raw,,Porte de Charenton (métro de Paris)|Porte de Charenton,Charenton - Écoles (métro de Paris)|Charenton - Écoles,,,,,,,,
Liège,613,,,48.879626,13,13,26 février 1911,,,,,,,,,2.326983,https://fr.wikipedia.org/w/index.php?title=Li%C3%A8ge_(m%C3%A9tro_de_Paris)&action=raw,Berlin,Place de Clichy (métro de Paris)|Place de Clichy,Saint-Lazare (métro de Paris)|Saint-Lazare,,,,,,,,
Louise Michel,2913,1937,,48.888836,3,3,24 septembre 1937,,,,,,,,,2.288002,https://fr.wikipedia.org/w/index.php?title=Louise_Michel_(m%C3%A9tro_de_Paris)&action=raw,Vallier,Anatole France (métro de Paris)|Anatole France,Porte de Champerret (métro de Paris)|Porte de Champerret,,,,,,,,
Lourmel,16-10,,,48.8386045,8,8,27 juillet 1937,,,,,,,,,2.2818169,https://fr.wikipedia.org/w/index.php?title=Lourmel_(m%C3%A9tro_de_Paris)&action=raw,,Balard (métro de Paris)|Balard,Boucicaut (métro de Paris)|Boucicaut,,,,,,,,
Louvre - Rivoli,112,,,48.86108,1,1,13 août 1900,,,,,,,,,2.340283,https://fr.wikipedia.org/w/index.php?title=Louvre_-_Rivoli_(m%C3%A9tro_de_Paris)&action=raw,,Palais-Royal - Musée du Louvre (métro de Paris)|Palais-Royal - Musée du Louvre,Châtelet (métro de Paris)|Châtelet,,,,,,,,
Mabillon,214,,,48.85277499,10,10,10 mars 1925,,,,,,,,,2.335321605,https://fr.wikipedia.org/w/index.php?title=Mabillon_(m%C3%A9tro_de_Paris)&action=raw,,Sèvres - Babylone (métro de Paris)|Sèvres - Babylone,Odéon (métro de Paris)|Odéon,,,,,,,,
Madeleine,10-03 et MAD,,,48.87006435,"8, 12, 14",8,13 juillet 1913,12,5 novembre 1910,14,15 octobre 1998,,,,,2.3251637,https://fr.wikipedia.org/w/index.php?title=Madeleine_(m%C3%A9tro_de_Paris)&action=raw,,Concorde (métro de Paris)|Concorde,Opéra (métro de Paris)|Opéra,Saint-Lazare (métro de Paris)|Saint-Lazare,Concorde (métro de Paris)|Concorde,Saint-Lazare (métro de Paris)|Saint-Lazare,Pyramides (métro de Paris)|Pyramides,,,,
Mairie d'Issy,2803,,,48.824152,12,12,24 mars 1934,,,,,,,,,2.273434,https://fr.wikipedia.org/w/index.php?title=Mairie_d%27Issy_(m%C3%A9tro_de_Paris)&action=raw,,Corentin Celton (métro de Paris)|Corentin Celton,''Terminus''',,,,,,,,
Mairie d'Ivry,26-05,,,48.81112408,7,7,1 mai 1946,,,,,,,,,2.383386791,https://fr.wikipedia.org/w/index.php?title=Mairie_d%27Ivry_(m%C3%A9tro_de_Paris)&action=raw,,Pierre et Marie Curie (métro de Paris)|Pierre et Marie Curie,''Terminus''',,,,,,,,
Mairie de Clichy,19-01,,,48.90395865,13,13,3 mai 1980,,,,,,,,,2.305342555,https://fr.wikipedia.org/w/index.php?title=Mairie_de_Clichy_(m%C3%A9tro_de_Paris)&action=raw,,Gabriel Péri (métro de Paris)|Gabriel Péri,Porte de Clichy (métro de Paris)|Porte de Clichy,,,,,,,,
Mairie de Montreuil,25-03,,,48.862283,9,9,14 octobre 1937,,,,,,,,,2.441847,https://fr.wikipedia.org/w/index.php?title=Mairie_de_Montreuil_(m%C3%A9tro_de_Paris)&action=raw,,Croix de Chavaux (métro de Paris)|Croix de Chavaux,''Terminus''',,,,,,,,
Mairie de Montrouge,1507,,,48.81806483,4,4,23 mars 2013,,,,,,,,,2.31953674,https://fr.wikipedia.org/w/index.php?title=Mairie_de_Montrouge_(m%C3%A9tro_de_Paris)&action=raw,,Porte d'Orléans (métro de Paris)|Porte d'Orléans,''Terminus''',,,,,,,,
Mairie de Saint-Ouen,19-11<br />GA63 / 63MSO,,,48.91161864,13,13,30 juin 1952,,,,,,,,,2.333752513,https://fr.wikipedia.org/w/index.php?title=Mairie_de_Saint-Ouen_(m%C3%A9tro_de_Paris)&action=raw,,Carrefour Pleyel (métro de Paris)|Carrefour Pleyel,Garibaldi (métro de Paris)|Garibaldi,,,,,,,,
Mairie des Lilas,23-03,,,48.87978806,11,11,17 février 1937,,,,,,,,,2.416289449,https://fr.wikipedia.org/w/index.php?title=Mairie_des_Lilas_(m%C3%A9tro_de_Paris)&action=raw,,Porte des Lilas (métro de Paris)|Porte des Lilas,''Terminus''',,,,,,,,
Maison Blanche,1409<br />GA41 / 41MBP,,,48.822155,7,7,7 mars 1930,,,,,,,,,2.358531,https://fr.wikipedia.org/w/index.php?title=Maison_Blanche_(m%C3%A9tro_de_Paris)&action=raw,,Tolbiac (métro de Paris)|Tolbiac,"Porte d'Italie (métro de Paris)|Porte d'Italie, 'Le Kremlin-Bicêtre (métro de Paris)|Le Kremlin-Bicêtre",,,,,,,,
Maisons-Alfort - Les Juilliottes,25-04,,,48.802567,8,8,27 avril 1972,,,,,,,,,2.446432,https://fr.wikipedia.org/w/index.php?title=Maisons-Alfort_-_Les_Juilliottes_(m%C3%A9tro_de_Paris)&action=raw,,Maisons-Alfort - Stade (métro de Paris)|Maisons-Alfort - Stade,Créteil - L'Échat (métro de Paris)|Créteil - L'Échat,,,,,,,,
Maisons-Alfort - Stade,2515,,,48.80868116,8,8,19 septembre 1970,,,,,,,,,2.436073422,https://fr.wikipedia.org/w/index.php?title=Maisons-Alfort_-_Stade_(m%C3%A9tro_de_Paris)&action=raw,,École vétérinaire de Maisons-Alfort (métro de Paris)|École vétérinaire de Maisons-Alfort,Maisons-Alfort - Les Juilliottes (métro de Paris)|Maisons-Alfort - Les Juilliottes,,,,,,,,
Malakoff - Plateau de Vanves,27-07,,,48.822623,13,13,9 novembre 1976,,,,,,,,,2.298511,https://fr.wikipedia.org/w/index.php?title=Malakoff_-_Plateau_de_Vanves_(m%C3%A9tro_de_Paris)&action=raw,,Porte de Vanves (métro de Paris)|Porte de Vanves,Malakoff - Rue Étienne-Dolet (métro de Paris)|Malakoff - Rue Étienne-Dolet,,,,,,,,
Malakoff - Rue Étienne-Dolet,27-08,,,48.81470258,13,13,9 novembre 1976,,,,,,,,,2.297301292,https://fr.wikipedia.org/w/index.php?title=Malakoff_-_Rue_%C3%89tienne-Dolet_(m%C3%A9tro_de_Paris)&action=raw,,Malakoff - Plateau de Vanves (métro de Paris)|Malakoff - Plateau de Vanves,Châtillon - Montrouge (métro de Paris)|Châtillon - Montrouge,,,,,,,,
Malesherbes,601,,,48.882476,3,3,23 mai 1910,,,,,,,,,2.311002,https://fr.wikipedia.org/w/index.php?title=Malesherbes_(m%C3%A9tro_de_Paris)&action=raw,,Wagram (métro de Paris)|Wagram,Villiers (métro de Paris)|Villiers,,,,,,,,
Maraîchers,05-04,,,48.85285088,9,9,10 décembre 1933,,,,,,,,,2.40699023,https://fr.wikipedia.org/w/index.php?title=Mara%C3%AEchers_(m%C3%A9tro_de_Paris)&action=raw,,Buzenval (métro de Paris)|Buzenval,Porte de Montreuil (métro de Paris)|Porte de Montreuil,,,,,,,,
Marcadet - Poissonniers,20-09,,,48.89036876,"4, 12",4,21 avril 1908,12,23 août 1916,,,,,,,2.350028157,https://fr.wikipedia.org/w/index.php?title=Marcadet_-_Poissonniers_(m%C3%A9tro_de_Paris)&action=raw,,Simplon (métro de Paris)|Simplon,Château Rouge (métro de Paris)|Château Rouge,Marx Dormoy (métro de Paris)|Marx Dormoy,Jules Joffrin (métro de Paris)|Jules Joffrin,,,,,,
Marcel Sembat,28-08,,,48.83367001,9,9,3 février 1934,,,,,,,,,2.243579328,https://fr.wikipedia.org/w/index.php?title=Marcel_Sembat_(m%C3%A9tro_de_Paris)&action=raw,,Billancourt (métro de Paris)|Billancourt,Porte de Saint-Cloud (métro de Paris)|Porte de Saint-Cloud,,,,,,,,
Marx Dormoy,2007,,,48.890483,12,12,23 août 1916,,,,,,,,,2.359968,https://fr.wikipedia.org/w/index.php?title=Marx_Dormoy_(m%C3%A9tro_de_Paris)&action=raw,Torcy,Porte de la Chapelle (métro de Paris)|Porte de la Chapelle,Marcadet - Poissonniers (métro de Paris)|Marcadet - Poissonniers,,,,,,,,
Maubert - Mutualité,106,,,48.8501929,10,10,15 février 1930,,,,,,,,,2.347936034,https://fr.wikipedia.org/w/index.php?title=Maubert_-_Mutualit%C3%A9_(m%C3%A9tro_de_Paris)&action=raw,,Cluny - La Sorbonne (métro de Paris)|Cluny - La Sorbonne,Cardinal Lemoine (métro de Paris)|Cardinal Lemoine,,,,,,,,
Ménilmontant,24-05,,,48.866248,2,2,31 janvier 1903,,,,,,,,,2.383618,https://fr.wikipedia.org/w/index.php?title=M%C3%A9nilmontant_(m%C3%A9tro_de_Paris)&action=raw,,Couronnes (métro de Paris)|Couronnes,Père Lachaise (métro de Paris)|Père Lachaise,,,,,,,,
Michel Bizot,13-10,,,48.83748523,8,8,5 mai 1931,,,,,,,,,2.40123421,https://fr.wikipedia.org/w/index.php?title=Michel_Bizot_(m%C3%A9tro_de_Paris)&action=raw,,Daumesnil (métro de Paris)|Daumesnil,Porte Dorée (métro de Paris)|Porte Dorée,,,,,,,,
Michel-Ange - Auteuil,07-09,,,48.84777129,"9, 10, 8",9,8 novembre 1922,10,27 jullet 1937,8,30 septembre 1913,,,,,2.263870239,https://fr.wikipedia.org/w/index.php?title=Michel-Ange_-_Auteuil_(m%C3%A9tro_de_Paris)&action=raw,,Michel-Ange - Molitor (métro de Paris)|Michel-Ange - Molitor,Jasmin (métro de Paris)|Jasmin,Porte d'Auteuil (métro de Paris)|Porte d'Auteuil,Église d'Auteuil (métro de Paris)|Église d'Auteuil,,,,,,
Michel-Ange - Molitor,710,,,48.84496,"9, 10, 8",9,8 novembre 1922,10,27 jullet 1937,8,30 septembre 1913,,,,,2.261194,https://fr.wikipedia.org/w/index.php?title=Michel-Ange_-_Molitor_(m%C3%A9tro_de_Paris)&action=raw,,Exelmans (métro de Paris)|Exelmans,Michel-Ange - Auteuil (métro de Paris)|Michel-Ange - Auteuil,Boulogne - Jean Jaurès (métro de Paris)|Boulogne - Jean Jaurès,Chardon-Lagache (métro de Paris)|Chardon-Lagache,,,,,,
Mirabeau,712,,,48.84673872,10,10,30 septembre 1913,,,,,,,,,2.271707654,https://fr.wikipedia.org/w/index.php?title=Mirabeau_(m%C3%A9tro_de_Paris)&action=raw,,Chardon-Lagache (métro de Paris)|Chardon-Lagache,Javel - André Citroën (métro de Paris)|Javel - André Citroën,,,,,,,,
Miromesnil,18-04,,,48.87366684,"9, 13",9,27 mai 1923,13,27 avril 1973,,,,,,,2.314464748,https://fr.wikipedia.org/w/index.php?title=Miromesnil_(m%C3%A9tro_de_Paris)&action=raw,,Saint-Philippe du Roule (métro de Paris)|Saint-Philippe du Roule,Saint-Augustin (métro de Paris)|Saint-Augustin,Saint-Lazare (métro de Paris)|Saint-Lazare,Champs-Élysées - Clemenceau (métro de Paris)|Champs-Élysées - Clemenceau,,,,,,
Monceau,602,,,48.880319,2,2,7 octobre 1902,,,,,,,,,2.308603,https://fr.wikipedia.org/w/index.php?title=Monceau_(m%C3%A9tro_de_Paris)&action=raw,,Courcelles (métro de Paris)|Courcelles,Villiers (métro de Paris)|Villiers,,,,,,,,
Montgallet,12-03,,,48.84427635,8,8,5 mai 1931,,,,,,,,,2.389974296,https://fr.wikipedia.org/w/index.php?title=Montgallet_(m%C3%A9tro_de_Paris)&action=raw,,Reuilly - Diderot (métro de Paris)|Reuilly - Diderot,Daumesnil (métro de Paris)|Daumesnil,,,,,,,,
Montparnasse - Bienvenüe,408,,,48.843466,"4, 6, 12, 13, 2S",4,6 avril 1910,6,6 octobre 1942,12,5 novembre 1910,13,21 janvier 1937,2S,24 avril 1906,2.323072,https://fr.wikipedia.org/w/index.php?title=Montparnasse_-_Bienven%C3%BCe_(m%C3%A9tro_de_Paris)&action=raw,,Saint-Placide (métro de Paris)|Saint-Placide,Vavin (métro de Paris)|Vavin,Pasteur (métro de Paris)|Pasteur,Edgar Quinet (métro de Paris)|Edgar Quinet,Notre-Dame-des-Champs (métro de Paris)|Notre-Dame-des-Champs,Falguière (métro de Paris)|Falguière,Duroc (métro de Paris)|Duroc,Gaîté (métro de Paris)|Gaîté,,
Mouton-Duvernet,1504,,,48.8314,4,4,30 octobre 1909,,,,,,,,,2.3299,https://fr.wikipedia.org/w/index.php?title=Mouton-Duvernet_(m%C3%A9tro_de_Paris)&action=raw,,Denfert-Rochereau (métro de Paris)|Denfert-Rochereau,Alésia (métro de Paris)|Alésia,,,,,,,,
Nation,510,,,48.84846575,"1, 2, 6, 9",1,19 juillet 1900,2,2 avril 1903,6,1 mars 1909,9,10 décembre 1933,,,2.395905745,https://fr.wikipedia.org/w/index.php?title=Nation_(m%C3%A9tro_de_Paris)&action=raw,,Reuilly - Diderot (métro de Paris)|Reuilly - Diderot,Porte de Vincennes (métro de Paris)|Porte de Vincennes,Avron (métro de Paris)|Avron,''Terminus''',Picpus (métro de Paris)|Picpus,''Terminus''',Rue des Boulets (métro de Paris)|Rue des Boulets,Buzenval (métro de Paris)|Buzenval,,
Nationale,1411,,,48.83318272,6,6,1 mars 1909,,,,,,,,,2.362717688,https://fr.wikipedia.org/w/index.php?title=Nationale_(m%C3%A9tro_de_Paris)&action=raw,,Place d'Italie (métro de Paris)|Place d'Italie,Chevaleret (métro de Paris)|Chevaleret,,,,,,,,
Notre-Dame-de-Lorette,31-09,,,48.876084,12,12,5 novembre 1910,,,,,,,,,2.338586,https://fr.wikipedia.org/w/index.php?title=Notre-Dame-de-Lorette_(m%C3%A9tro_de_Paris)&action=raw,,Saint-Georges (métro de Paris)|Saint-Georges,Trinité - d'Estienne d'Orves (métro de Paris)|Trinité - d'Estienne d'Orves,,,,,,,,
Notre-Dame-des-Champs,414,,,48.84456761,12,12,5 novembre 1910,,,,,,,,,2.328787744,https://fr.wikipedia.org/w/index.php?title=Notre-Dame-des-Champs_(m%C3%A9tro_de_Paris)&action=raw,,Rennes (métro de Paris)|Rennes,Montparnasse - Bienvenüe (métro de Paris)|Montparnasse - Bienvenüe,,,,,,,,
Oberkampf,810,,,48.864545,"5, 9",5,15 janvier 1907,9,10 décembre 1933,,,,,,,2.368877,https://fr.wikipedia.org/w/index.php?title=Oberkampf_(m%C3%A9tro_de_Paris)&action=raw,,République (métro de Paris)|République,Richard-Lenoir (métro de Paris)|Richard-Lenoir,République (métro de Paris)|République,Saint-Ambroise (métro de Paris)|Saint-Ambroise,,,,,,
Odéon,104,,,48.852066,"4, 10",4,9 janvier 1910,10,14 février 1926,,,,,,,2.338951,https://fr.wikipedia.org/w/index.php?title=Od%C3%A9on_(m%C3%A9tro_de_Paris)&action=raw,,Saint-Michel (métro de Paris)|Saint-Michel,Saint-Germain-des-Prés (métro de Paris)|Saint-Germain-des-Prés,Mabillon (métro de Paris)|Mabillon,Cluny - La Sorbonne (métro de Paris)|Cluny - La Sorbonne,,,,,,
Olympiades,OLY<br />GA90 / 90OLY,,,48.82702,14,14,26 juin 2007,,,,,,,,,2.366403,https://fr.wikipedia.org/w/index.php?title=Olympiades_(m%C3%A9tro_de_Paris)&action=raw,,Bibliothèque François-Mitterrand (métro de Paris)|Bibliothèque François-Mitterrand,''Terminus''',,,,,,,,
Opéra,605,,,48.87063595,"3, 7, 8",3,19 octobre 1904,7,5 novembre 1910,8,13 juillet 1913,,,,,2.3323524,https://fr.wikipedia.org/w/index.php?title=Op%C3%A9ra_(m%C3%A9tro_de_Paris)&action=raw,,Havre - Caumartin (métro de Paris)|Havre - Caumartin,Quatre-Septembre (métro de Paris)|Quatre-Septembre,Chaussée d'Antin - La Fayette (métro de Paris)|Chaussée d'Antin - La Fayette,Pyramides (métro de Paris)|Pyramides,Madeleine (métro de Paris)|Madeleine,Richelieu - Drouot (métro de Paris)|Richelieu - Drouot,,,,
Ourcq,22-02,,,48.88685563,5,5,12 octobre 1942,,,,,,,,,2.385747135,https://fr.wikipedia.org/w/index.php?title=Ourcq_(m%C3%A9tro_de_Paris)&action=raw,,Porte de Pantin (métro de Paris)|Porte de Pantin,Laumière (métro de Paris)|Laumière,,,,,,,,
Palais-Royal - Musée du Louvre,1102,,,48.86284682,"1, 7",1,19 juillet 1900,7,1 juillet 1916,,,,,,,2.335816612,https://fr.wikipedia.org/w/index.php?title=Palais-Royal_-_Mus%C3%A9e_du_Louvre_(m%C3%A9tro_de_Paris)&action=raw,Palais-Royal,Tuileries (métro de Paris)|Tuileries,Louvre - Rivoli (métro de Paris)|Louvre - Rivoli,Pyramides (métro de Paris)|Pyramides,Pont-Neuf (métro de Paris)|Pont-Neuf,,,,,,
Parmentier,08-11,,,48.865299,3,3,19 octobre 1904,,,,,,,,,2.374381,https://fr.wikipedia.org/w/index.php?title=Parmentier_(m%C3%A9tro_de_Paris)&action=raw,,République (métro de Paris)|République,Rue Saint-Maur (métro de Paris)|Rue Saint-Maur,,,,,,,,
Passy,17-08,,,48.857445,6,6,24 avril 1906,,,,,,,,,2.285779,https://fr.wikipedia.org/w/index.php?title=Passy_(m%C3%A9tro_de_Paris)&action=raw,,Trocadéro (métro de Paris)|Trocadéro,Bir-Hakeim (métro de Paris)|Bir-Hakeim,,,,,,,,
Pasteur,1602,,,48.84283594,"6, 12",6,6 octobre 1942,12,5 novembre 1910,5,,2S,24 avril 1906,,,2.312681079,https://fr.wikipedia.org/w/index.php?title=Pasteur_(m%C3%A9tro_de_Paris)&action=raw,,Sèvres - Lecourbe (métro de Paris)|Sèvres - Lecourbe,Montparnasse - Bienvenüe (métro de Paris)|Montparnasse - Bienvenüe,Falguière (métro de Paris)|Falguière,Volontaires (métro de Paris)|Volontaires,,,,,,
Pelleport,24-09,,,48.86867053,"3, 3bis",3 bis,27 novembre 1921,3,27 mars 1971,,,,,,,2.401751876,https://fr.wikipedia.org/w/index.php?title=Pelleport_(m%C3%A9tro_de_Paris)&action=raw,,Saint-Fargeau (métro de Paris)|Saint-Fargeau,Gambetta (métro de Paris)|Gambetta,,,,,,,,
Père Lachaise,2404,,,48.862921,"2, 3",2,25 février 1903,3,19 octobre 1904,,,,,,,2.387388,https://fr.wikipedia.org/w/index.php?title=P%C3%A8re_Lachaise_(m%C3%A9tro_de_Paris)&action=raw,,Ménilmontant (métro de Paris)|Ménilmontant,Philippe Auguste (métro de Paris)|Philippe Auguste,Rue Saint-Maur (métro de Paris)|Rue Saint-Maur,Gambetta (métro de Paris)|Gambetta,,,,,,
Pereire,3005,,,48.884648,3,3,23 mai 1910,,,,,,,,,2.299211,https://fr.wikipedia.org/w/index.php?title=Pereire_(m%C3%A9tro_de_Paris)&action=raw,,Porte de Champerret (métro de Paris)|Porte de Champerret,Wagram (métro de Paris)|Wagram,,,,,,,,
Pernety,402,,,48.83421027,13,13,21 janvier 1937,,,,,,,,,2.318512201,https://fr.wikipedia.org/w/index.php?title=Pernety_(m%C3%A9tro_de_Paris)&action=raw,,Gaîté (métro de Paris)|Gaîté,Plaisance (métro de Paris)|Plaisance,,,,,,,,
Philippe Auguste,24-07,,,48.858021,2,2,31 janvier 1903,,,,,,,,,2.390938,https://fr.wikipedia.org/w/index.php?title=Philippe_Auguste_(m%C3%A9tro_de_Paris)&action=raw,,Père Lachaise (métro de Paris)|Père Lachaise,Alexandre Dumas (métro de Paris)|Alexandre Dumas,,,,,,,,
Picpus,509,,,48.84515011,6,6,1 mars 1909,,,,,,,,,2.40049392,https://fr.wikipedia.org/w/index.php?title=Picpus_(m%C3%A9tro_de_Paris)&action=raw,Saint-Mandé,Bel-Air (métro de Paris)|Bel-Air,Nation (métro de Paris)|Nation,,,,,,,,
Pierre et Marie Curie,26-04,,,48.81591773,7,7,1 mai 1946,,,,,,,,,2.377893627,https://fr.wikipedia.org/w/index.php?title=Pierre_et_Marie_Curie_(m%C3%A9tro_de_Paris)&action=raw,Pierre Curie,Porte d'Ivry (métro de Paris)|Porte d'Ivry,Mairie d'Ivry (métro de Paris)|Mairie d'Ivry,,,,,,,,
Pigalle,3106,,,48.882255,"2, 12",2,7 octobre 1902,12,8 avril 1911,,,,,,,2.337573,https://fr.wikipedia.org/w/index.php?title=Pigalle_(m%C3%A9tro_de_Paris)&action=raw,,Blanche (métro de Paris)|Blanche,Anvers (métro de Paris)|Anvers,Abbesses (métro de Paris)|Abbesses,Saint-Georges (métro de Paris)|Saint-Georges,,,,,,
Place d'Italie,14-14,,,48.831483,"5, 6, 7, 2S, 10",5,17 octobre 1907,6,1 mars 1909,7,26 avril 1931,2S,24 avril 1906,10,15 février 1930,2.355692,https://fr.wikipedia.org/w/index.php?title=Place_d%27Italie_(m%C3%A9tro_de_Paris)&action=raw,,Campo-Formio (métro de Paris)|Campo-Formio,''Terminus''',Corvisart (métro de Paris)|Corvisart,Nationale (métro de Paris)|Nationale,Les Gobelins (métro de Paris)|Les Gobelins,Tolbiac (métro de Paris)|Tolbiac,,,,
Place de Clichy,3113,,,48.883809,"2, 13",2,26 octobre 1902,13,26 février 1911,,,,,,,2.327625,https://fr.wikipedia.org/w/index.php?title=Place_de_Clichy_(m%C3%A9tro_de_Paris)&action=raw,,Rome (métro de Paris)|Rome,Blanche (métro de Paris)|Blanche,La Fourche (métro de Paris)|La Fourche,Liège (métro de Paris)|Liège,,,,,,
Place des Fêtes,23-08,,,48.87684044,"7bis, 11, 7",7 bis,3 décembre 1967,11,28 avril 1935,7,18 janvier 1911,,,,,2.392959595,https://fr.wikipedia.org/w/index.php?title=Place_des_F%C3%AAtes_(m%C3%A9tro_de_Paris)&action=raw,,Botzaris (métro de Paris)|Botzaris,Pré-Saint-Gervais (métro de Paris)|Pré-Saint-Gervais,Jourdain (métro de Paris)|Jourdain,Télégraphe (métro de Paris)|Télégraphe,,,,,,
Pré-Saint-Gervais,23-11,,,48.8802502,7bis,"7bis, 7",3 décembre 1967,7,18 janvier 1911,,,,,,,2.398914099,https://fr.wikipedia.org/w/index.php?title=Pr%C3%A9-Saint-Gervais_(m%C3%A9tro_de_Paris)&action=raw,,Place des Fêtes (métro de Paris)|Place des Fêtes,Danube (métro de Paris)|Danube,,,,,,,,
Place Monge,1205,,,48.84359,7,7,15 février 1930,,,,,,,,,2.352279,https://fr.wikipedia.org/w/index.php?title=Place_Monge_(m%C3%A9tro_de_Paris)&action=raw,,Jussieu (métro de Paris)|Jussieu,Censier - Daubenton (métro de Paris)|Censier - Daubenton,,,,,,,,
Plaisance,403,,,48.83155306,13,13,21 janvier 1937,,,,,,,,,2.313740551,https://fr.wikipedia.org/w/index.php?title=Plaisance_(m%C3%A9tro_de_Paris)&action=raw,,Pernety (métro de Paris)|Pernety,Porte de Vanves (métro de Paris)|Porte de Vanves,,,,,,,,
Pointe du Lac,PTL,,,48.76878622,8,8,8 octobre 2011,,,,,,,,,2.46481061,https://fr.wikipedia.org/w/index.php?title=Pointe_du_Lac_(m%C3%A9tro_de_Paris)&action=raw,,Créteil - Préfecture (métro de Paris)|Créteil - Préfecture,''Terminus''',,,,,,,,
Poissonnière,2110,,,48.87707506,7,7,5 novembre 1910,,,,,,,,,2.348445654,https://fr.wikipedia.org/w/index.php?title=Poissonni%C3%A8re_(m%C3%A9tro_de_Paris)&action=raw,,Gare de l'Est (métro de Paris)|Gare de l'Est,Cadet (métro de Paris)|Cadet,,,,,,,,
Pont de Levallois - Bécon,2915,,,48.897313,3,3,24 septembre 1937,,,,,,,,,2.280787,https://fr.wikipedia.org/w/index.php?title=Pont_de_Levallois_-_B%C3%A9con_(m%C3%A9tro_de_Paris)&action=raw,,''Terminus''',Anatole France (métro de Paris)|Anatole France,,,,,,,,
Pont de Sèvres,28-10,,,48.82974679,9,9,3 février 1934,15,,,,,,,,2.231034636,https://fr.wikipedia.org/w/index.php?title=Pont_de_S%C3%A8vres_(m%C3%A9tro_de_Paris)&action=raw,,''Terminus''',Billancourt (métro de Paris)|Billancourt,Gare de Saint-Cloud|Saint-Cloud,Issy RER (métro de Paris)|Issy RER,,,,,,
Pont Marie,12-09,,,48.8532868,7,7,16 avril 1926,,,,,,,,,2.357616127,https://fr.wikipedia.org/w/index.php?title=Pont_Marie_(m%C3%A9tro_de_Paris)&action=raw,,Châtelet (métro de Paris)|Châtelet,Sully - Morland (métro de Paris)|Sully - Morland,,,,,,,,
Porte Dauphine,1702,,,48.871545,2,2,13 décembre 1900,,,,,,,,,2.276768,https://fr.wikipedia.org/w/index.php?title=Porte_Dauphine_(m%C3%A9tro_de_Paris)&action=raw,,''Terminus''',Victor Hugo (métro de Paris)|Victor Hugo,,,,,,,,
Porte d'Auteuil,707,,,48.848025,10,10,30 septembre 1913,,,,,,,,,2.25875,https://fr.wikipedia.org/w/index.php?title=Porte_d%27Auteuil_(m%C3%A9tro_de_Paris)&action=raw,,Boulogne - Jean Jaurès (métro de Paris)|Boulogne - Jean Jaurès,Michel-Ange - Auteuil (métro de Paris)|Michel-Ange - Auteuil,,,,,,,,
Porte de Bagnolet,2304,,,48.864565,3,3,2 avril 1971,,,,,,,,,2.407278,https://fr.wikipedia.org/w/index.php?title=Porte_de_Bagnolet_(m%C3%A9tro_de_Paris)&action=raw,,Gambetta (métro de Paris)|Gambetta,Gallieni (métro de Paris)|Gallieni,,,,,,,,
Porte de Champerret,2912,,,48.885851,3,3,15 février 1911,,,,,,,,,2.293487,https://fr.wikipedia.org/w/index.php?title=Porte_de_Champerret_(m%C3%A9tro_de_Paris)&action=raw,,Louise Michel (métro de Paris)|Louise Michel,Pereire (métro de Paris)|Pereire,,,,,,,,
Porte de Charenton,1303,,,48.83278016,8,8,5 mai 1931,,,,,,,,,2.400400043,https://fr.wikipedia.org/w/index.php?title=Porte_de_Charenton_(m%C3%A9tro_de_Paris)&action=raw,,Porte Dorée (métro de Paris)|Porte Dorée,Liberté (métro de Paris)|Liberté,,,,,,,,
Porte de Choisy,14-02,,,48.82031533,"7, 10",7,26 avril 1931,10,7 mars 1930,,,,,,,2.365292609,https://fr.wikipedia.org/w/index.php?title=Porte_de_Choisy_(m%C3%A9tro_de_Paris)&action=raw,,Porte d'Italie (métro de Paris)|Porte d'Italie,Porte d'Ivry (métro de Paris)|Porte d'Ivry,,,,,,,,
Porte de Clichy,30-09,,,48.89434542,13,13,20 janvier 1912,,,,,,,,,2.313652039,https://fr.wikipedia.org/w/index.php?title=Porte_de_Clichy_(m%C3%A9tro_de_Paris)&action=raw,,Mairie de Clichy (métro de Paris)|Mairie de Clichy,Brochant (métro de Paris)|Brochant,,,,,,,,
Porte de Clignancourt,20-01,,,48.89728706,4,4,21 avril 1908,,,,,,,,,2.344778877,https://fr.wikipedia.org/w/index.php?title=Porte_de_Clignancourt_(m%C3%A9tro_de_Paris)&action=raw,,''Terminus''',Simplon (métro de Paris)|Simplon,,,,,,,,
Porte de la Chapelle,2006,,,48.89727437,12,12,23 août 1916,,,,,,,,,2.359190583,https://fr.wikipedia.org/w/index.php?title=Porte_de_la_Chapelle_(m%C3%A9tro_de_Paris)&action=raw,,Front Populaire (métro de Paris)|Front Populaire,Marx Dormoy (métro de Paris)|Marx Dormoy,,,,,,,,
Porte de la Villette,304,,,48.89708922,7,7,5 novembre 1910,,,,,,,,,2.385875881,https://fr.wikipedia.org/w/index.php?title=Porte_de_la_Villette_(m%C3%A9tro_de_Paris)&action=raw,,Aubervilliers - Pantin - Quatre Chemins (métro de Paris)|Aubervilliers - Pantin - Quatre Chemins,Corentin Cariou (métro de Paris)|Corentin Cariou,,,,,,,,
Porte de Montreuil,05-03,,,48.85379155,9,9,10 décembre 1933,,,,,,,,,2.412244678,https://fr.wikipedia.org/w/index.php?title=Porte_de_Montreuil_(m%C3%A9tro_de_Paris)&action=raw,,Maraîchers (métro de Paris)|Maraîchers,Robespierre (métro de Paris)|Robespierre,,,,,,,,
Porte de Pantin,2201,,,48.88847113,5,5,12 octobre 1942,,,,,,,,,2.391814291,https://fr.wikipedia.org/w/index.php?title=Porte_de_Pantin_(m%C3%A9tro_de_Paris)&action=raw,,Hoche (métro de Paris)|Hoche,Ourcq (métro de Paris)|Ourcq,,,,,,,,
Porte de Saint-Cloud,703,,,48.838082,9,9,29 septembre 1923,,,,,,,,,2.256956,https://fr.wikipedia.org/w/index.php?title=Porte_de_Saint-Cloud_(m%C3%A9tro_de_Paris)&action=raw,,Marcel Sembat (métro de Paris)|Marcel Sembat,Exelmans (métro de Paris)|Exelmans,,,,,,,,
Porte de Saint-Ouen,30-13,,,48.89677359,13,13,26 février 1911,,,,,,,,,2.32870996,https://fr.wikipedia.org/w/index.php?title=Porte_de_Saint-Ouen_(m%C3%A9tro_de_Paris)&action=raw,,Garibaldi (métro de Paris)|Garibaldi,Guy Môquet (métro de Paris)|Guy Môquet,,,,,,,,
Porte de Vanves,2702,,,48.82794045,13,13,21 janvier 1937,,,,,,,,,2.305884361,https://fr.wikipedia.org/w/index.php?title=Porte_de_Vanves_(m%C3%A9tro_de_Paris)&action=raw,,Plaisance (métro de Paris)|Plaisance,Malakoff - Plateau de Vanves (métro de Paris)|Malakoff - Plateau de Vanves,,,,,,,,
Porte de Versailles,1606,,,48.832328,12,12,5 novembre 1910,,,,,,,,,2.287841,https://fr.wikipedia.org/w/index.php?title=Porte_de_Versailles_(m%C3%A9tro_de_Paris)&action=raw,,Convention (métro de Paris)|Convention,Corentin Celton (métro de Paris)|Corentin Celton,,,,,,,,
Porte des Lilas,23-02,,,48.877183,"3bis, 11, 3",3 bis,27 mars 1971,11,28 avril 1935,3,27 novembre 1921,,,,,2.406655,https://fr.wikipedia.org/w/index.php?title=Porte_des_Lilas_(m%C3%A9tro_de_Paris)&action=raw,,''Terminus''',Saint-Fargeau (métro de Paris)|Saint-Fargeau,Télégraphe (métro de Paris)|Télégraphe,Mairie des Lilas (métro de Paris)|Mairie des Lilas,,,,,,
Porte d'Italie,14-03,,,48.819196,7,7,7 mars 1930,,,,,,,,,2.360805,https://fr.wikipedia.org/w/index.php?title=Porte_d%27Italie_(m%C3%A9tro_de_Paris)&action=raw,,Maison Blanche (métro de Paris)|Maison Blanche,Porte de Choisy (métro de Paris)|Porte de Choisy,,,,,,,,
Porte d'Ivry,26-03,,,48.82095992,7,7,26 avril 1931,,,,,,,,,2.370439768,https://fr.wikipedia.org/w/index.php?title=Porte_d%27Ivry_(m%C3%A9tro_de_Paris)&action=raw,,Porte de Choisy (métro de Paris)|Porte de Choisy,Pierre et Marie Curie (métro de Paris)|Pierre et Marie Curie,,,,,,,,
Porte Dorée,1301,,,48.83548144,8,8,5 mai 1931,,,,,,,,,2.406099737,https://fr.wikipedia.org/w/index.php?title=Porte_Dor%C3%A9e_(m%C3%A9tro_de_Paris)&action=raw,,Michel Bizot (métro de Paris)|Michel Bizot,Porte de Charenton (métro de Paris)|Porte de Charenton,,,,,,,,
Porte d'Orléans,1502,,,48.82319,4,4,30 octobre 1909,,,,,,,,,2.325363,https://fr.wikipedia.org/w/index.php?title=Porte_d%27Orl%C3%A9ans_(m%C3%A9tro_de_Paris)&action=raw,,Alésia (métro de Paris)|Alésia,Mairie de Montrouge (métro de Paris)|Mairie de Montrouge,,,,,,,,
Pyramides,1103,,,48.8669463,"7, 14",7,1 juillet 1916,14,15 octobre 1998,,,,,,,2.333665066,https://fr.wikipedia.org/w/index.php?title=Pyramides_(m%C3%A9tro_de_Paris)&action=raw,,Opéra (métro de Paris)|Opéra,Palais-Royal - Musée du Louvre (métro de Paris)|Palais-Royal - Musée du Louvre,Madeleine (métro de Paris)|Madeleine,Châtelet (métro de Paris)|Châtelet,,,,,,
Pyrénées,2414,,,48.87387501,11,11,28 avril 1935,,,,,,,,,2.385258973,https://fr.wikipedia.org/w/index.php?title=Pyr%C3%A9n%C3%A9es_(m%C3%A9tro_de_Paris)&action=raw,,Belleville (métro de Paris)|Belleville,Jourdain (métro de Paris)|Jourdain,,,,,,,,
Quai de la Gare,09-01,,,48.837069,6,6,1 mars 1909,,,,,,,,,2.372773,https://fr.wikipedia.org/w/index.php?title=Quai_de_la_Gare_(m%C3%A9tro_de_Paris)&action=raw,,Chevaleret (métro de Paris)|Chevaleret,Bercy (métro de Paris)|Bercy,,,,,,,,
Quai de la Rapée,09-10,,,48.84653927,5,5,13 juillet 1906,,,,,,,,,2.365826368,https://fr.wikipedia.org/w/index.php?title=Quai_de_la_Rap%C3%A9e_(m%C3%A9tro_de_Paris)&action=raw,Place Mazas,Bastille (métro de Paris)|Bastille,Gare d'Austerlitz (métro de Paris)|Gare d'Austerlitz,,,,,,,,
Quatre-Septembre,604,,,48.869574,3,3,3 novembre 1904,,,,,,,,,2.336633,https://fr.wikipedia.org/w/index.php?title=Quatre-Septembre_(m%C3%A9tro_de_Paris)&action=raw,,Opéra (métro de Paris)|Opéra,Bourse (métro de Paris)|Bourse,,,,,,,,
Rambuteau,08-01,,,48.861951,11,11,28 avril 1935,,,,,,,,,2.353905,https://fr.wikipedia.org/w/index.php?title=Rambuteau_(m%C3%A9tro_de_Paris)&action=raw,,Hôtel de Ville (métro de Paris)|Hôtel de Ville,Arts et Métiers (métro de Paris)|Arts et Métiers,,,,,,,,
Ranelagh,17-09,,,48.85501987,9,9,8 novembre 1922,,,,,,,,,2.269634306,https://fr.wikipedia.org/w/index.php?title=Ranelagh_(m%C3%A9tro_de_Paris)&action=raw,,Jasmin (métro de Paris)|Jasmin,La Muette (métro de Paris)|La Muette,,,,,,,,
Raspail,15-10,,,48.83919413,"4, 6, 5",4,30 octobre 1909,6,6 octobre 1942,5,24 avril 1906,,,,,2.330606282,https://fr.wikipedia.org/w/index.php?title=Raspail_(m%C3%A9tro_de_Paris)&action=raw,,Vavin (métro de Paris)|Vavin,Denfert-Rochereau (métro de Paris)|Denfert-Rochereau,Edgar Quinet (métro de Paris)|Edgar Quinet,Denfert-Rochereau (métro de Paris)|Denfert-Rochereau,,,,,,
Réaumur - Sébastopol,11-14,,,48.86624629,"3, 4",3,19 novembre 1904,4,21 avril 1908,,,,,,,2.352388501,https://fr.wikipedia.org/w/index.php?title=R%C3%A9aumur_-_S%C3%A9bastopol_(m%C3%A9tro_de_Paris)&action=raw,Rue Saint-Denis,Sentier (métro de Paris)|Sentier,Arts et Métiers (métro de Paris)|Arts et Métiers,Strasbourg - Saint-Denis (métro de Paris)|Strasbourg - Saint-Denis,Étienne Marcel (métro de Paris)|Étienne Marcel,,,,,,
Rennes,211,,,48.84819314,12,12,5 novembre 1910,,,,,,,,,2.32776314,https://fr.wikipedia.org/w/index.php?title=Rennes_(m%C3%A9tro_de_Paris)&action=raw,,Sèvres - Babylone (métro de Paris)|Sèvres - Babylone,Notre-Dame-des-Champs (métro de Paris)|Notre-Dame-des-Champs,,,,,,,,
République,807,,,48.867503,"3, 5, 8, 9, 11",3,19 octobre 1904,5,15 novembre 1907,8,5 mai 1931,9,10 décembre 1933,11,28 avril 1935,2.363811,https://fr.wikipedia.org/w/index.php?title=R%C3%A9publique_(m%C3%A9tro_de_Paris)&action=raw,,Temple (métro de Paris)|Temple,Parmentier (métro de Paris)|Parmentier,Jacques Bonsergent (métro de Paris)|Jacques Bonsergent,Oberkampf (métro de Paris)|Oberkampf,Strasbourg - Saint-Denis (métro de Paris)|Strasbourg - Saint-Denis,Filles du Calvaire (métro de Paris)|Filles du Calvaire,Strasbourg - Saint-Denis (métro de Paris)|Strasbourg - Saint-Denis,Oberkampf (métro de Paris)|Oberkampf,Arts et Métiers (métro de Paris)|Arts et Métiers,Goncourt (métro de Paris)|Goncourt
Richard-Lenoir,814,,,48.859772,5,5,17 décembre 1906,,,,,,,,,2.371843,https://fr.wikipedia.org/w/index.php?title=Richard-Lenoir_(m%C3%A9tro_de_Paris)&action=raw,,Oberkampf (métro de Paris)|Oberkampf,Bréguet - Sabin (métro de Paris)|Bréguet - Sabin,,,,,,,,
Richelieu - Drouot,11-07,,,48.87198735,"8, 9",8,30 juin 1928,9,30 juin 1928,,,,,,,2.338741422,https://fr.wikipedia.org/w/index.php?title=Richelieu_-_Drouot_(m%C3%A9tro_de_Paris)&action=raw,,Opéra (métro de Paris)|Opéra,Grands Boulevards (métro de Paris)|Grands Boulevards,Chaussée d'Antin - La Fayette (métro de Paris)|Chaussée d'Antin - La Fayette,Grands Boulevards (métro de Paris)|Grands Boulevards,,,,,,
Riquet,22-08,,,48.88788032,7,7,5 novembre 1910,,,,,,,,,2.373577952,https://fr.wikipedia.org/w/index.php?title=Riquet_(m%C3%A9tro_de_Paris)&action=raw,,Crimée (métro de Paris)|Crimée,Stalingrad (métro de Paris)|Stalingrad,,,,,,,,
Robespierre,05-02,,,48.855683,9,9,14 octobre 1937,,,,,,,,,2.423678,https://fr.wikipedia.org/w/index.php?title=Robespierre_(m%C3%A9tro_de_Paris)&action=raw,,Porte de Montreuil (métro de Paris)|Porte de Montreuil,Croix de Chavaux (métro de Paris)|Croix de Chavaux,,,,,,,,
Rome,3112,,,48.882425,2,2,6 novembre 1902,,,,,,,,,2.322052,https://fr.wikipedia.org/w/index.php?title=Rome_(m%C3%A9tro_de_Paris)&action=raw,,Villiers (métro de Paris)|Villiers,Place de Clichy (métro de Paris)|Place de Clichy,,,,,,,,
Rue de la Pompe,1713,,,48.86391193,9,9,8 novembre 1922,,,,,,,,,2.279051542,https://fr.wikipedia.org/w/index.php?title=Rue_de_la_Pompe_(m%C3%A9tro_de_Paris)&action=raw,,La Muette (métro de Paris)|La Muette,Trocadéro (métro de Paris)|Trocadéro,,,,,,,,
Rue des Boulets,05-06,,,48.85181135,9,9,10 décembre 1933,,,,,,,,,2.390151322,https://fr.wikipedia.org/w/index.php?title=Rue_des_Boulets_(m%C3%A9tro_de_Paris)&action=raw,,Charonne (métro de Paris)|Charonne,Nation (métro de Paris)|Nation,,,,,,,,
Rue du Bac,210,,,48.85569049,12,12,5 novembre  1910,,,,,,,,,2.325606644,https://fr.wikipedia.org/w/index.php?title=Rue_du_Bac_(m%C3%A9tro_de_Paris)&action=raw,,Solférino (métro de Paris)|Solférino,Sèvres - Babylone (métro de Paris)|Sèvres - Babylone,,,,,,,,
Rue Saint-Maur,24-06,,,48.864335,3,3,19 octobre 1904,,,,,,,,,2.379448,https://fr.wikipedia.org/w/index.php?title=Rue_Saint-Maur_(m%C3%A9tro_de_Paris)&action=raw,,Parmentier (métro de Paris)|Parmentier,Père Lachaise (métro de Paris)|Père Lachaise,,,,,,,,
Saint-Ambroise,08-15,,,48.86129512,9,9,10 décembre 1933,,,,,,,,,2.374210954,https://fr.wikipedia.org/w/index.php?title=Saint-Ambroise_(m%C3%A9tro_de_Paris)&action=raw,,Oberkampf (métro de Paris)|Oberkampf,Voltaire (métro de Paris)|Voltaire,,,,,,,,
Saint-Augustin,610,,,48.8744413,9,9,27 mai 1923,,,,,,,,,2.322133183,https://fr.wikipedia.org/w/index.php?title=Saint-Augustin_(m%C3%A9tro_de_Paris)&action=raw,,Miromesnil (métro de Paris)|Miromesnil,Havre - Caumartin (métro de Paris)|Havre - Caumartin,,,,,,,,
Saint-Lazare,06-09 ou LAZ<br />GA98 / 98STL,,,48.87557787,"3, 12, 13, 14",3,19 octobre 1904,12,5 novembre 1910,13,26 février 1911,14,16 décembre 2003,,,2.326185659,https://fr.wikipedia.org/w/index.php?title=Saint-Lazare_(m%C3%A9tro_de_Paris)&action=raw,,Europe (métro de Paris)|Europe,Havre - Caumartin (métro de Paris)|Havre - Caumartin,Trinité - d'Estienne d'Orves (métro de Paris)|Trinité - d'Estienne d'Orves,Madeleine (métro de Paris)|Madeleine,Liège (métro de Paris)|Liège,Miromesnil (métro de Paris)|Miromesnil,''Terminus''',Madeleine (métro de Paris)|Madeleine,,
Saint-Denis - Porte de Paris,19-14,,,48.93021104,13,13,20 juin 1976,,,,,,,,,2.357769012,https://fr.wikipedia.org/w/index.php?title=Saint-Denis_-_Porte_de_Paris_(m%C3%A9tro_de_Paris)&action=raw,,Basilique de Saint-Denis (métro de Paris)|Basilique de Saint-Denis,Carrefour Pleyel (métro de Paris)|Carrefour Pleyel,,,,,,,,
Saint-Denis - Université,1011,,,48.945799,13,13,25 mai 1998,,,,,,,,,2.363674,https://fr.wikipedia.org/w/index.php?title=Saint-Denis_-_Universit%C3%A9_(m%C3%A9tro_de_Paris)&action=raw,,''Terminus''',Basilique de Saint-Denis (métro de Paris)|Basilique de Saint-Denis,,,,,,,,
Saint-Fargeau,24-08,,,48.87208261,"3bis, 3",3 bis,27 mars 1971,3,27 novembre 1921,,,,,,,2.404519916,https://fr.wikipedia.org/w/index.php?title=Saint-Fargeau_(m%C3%A9tro_de_Paris)&action=raw,,Porte des Lilas (métro de Paris)|Porte des Lilas,Pelleport (métro de Paris)|Pelleport,,,,,,,,
Saint-François-Xavier,206,,,48.85195078,"13, 10, 14",13,9 novembre 1973,10,30 décembre 1923,14,27 juillet 1937,,,,,2.314475477,https://fr.wikipedia.org/w/index.php?title=Saint-Fran%C3%A7ois-Xavier_(m%C3%A9tro_de_Paris)&action=raw,,Varenne (métro de Paris)|Varenne,Duroc (métro de Paris)|Duroc,,,,,,,,
Saint-Georges,3110,,,48.87844922,12,12,8 avril 1911,,,,,,,,,2.337381542,https://fr.wikipedia.org/w/index.php?title=Saint-Georges_(m%C3%A9tro_de_Paris)&action=raw,,Pigalle (métro de Paris)|Pigalle,Notre-Dame-de-Lorette (métro de Paris)|Notre-Dame-de-Lorette,,,,,,,,
Saint-Germain-des-Prés,02-15,,,48.8537739,4,4,9 janvier 1910,,,,,,,,,2.333280444,https://fr.wikipedia.org/w/index.php?title=Saint-Germain-des-Pr%C3%A9s_(m%C3%A9tro_de_Paris)&action=raw,,Odéon (métro de Paris)|Odéon,Saint-Sulpice (métro de Paris)|Saint-Sulpice,,,,,,,,
Saint-Jacques,1507 ou 1509,,,48.83291258,6,6,24 avril 1906,,,,,,,,,2.337081134,https://fr.wikipedia.org/w/index.php?title=Saint-Jacques_(m%C3%A9tro_de_Paris)&action=raw,,Denfert-Rochereau (métro de Paris)|Denfert-Rochereau,Glacière (métro de Paris)|Glacière,,,,,,,,
Saint-Marcel,09-04,,,48.83798838,5,5,2 juin 1906,,,,,,,,,2.360416353,https://fr.wikipedia.org/w/index.php?title=Saint-Marcel_(m%C3%A9tro_de_Paris)&action=raw,,Gare d'Austerlitz (métro de Paris)|Gare d'Austerlitz,Campo-Formio (métro de Paris)|Campo-Formio,,,,,,,,
Saint-Michel,101,,,48.85365036,4,4,9 juillet 1910,,,,,,,,,2.343928814,https://fr.wikipedia.org/w/index.php?title=Saint-Michel_(m%C3%A9tro_de_Paris)&action=raw,,Cité (métro de Paris)|Cité,Odéon (métro de Paris)|Odéon,,,,,,,,
Saint-Paul,1210,,,48.8551436,1,1,6 août 1900,,,,,,,,,2.360653354,https://fr.wikipedia.org/w/index.php?title=Saint-Paul_(m%C3%A9tro_de_Paris)&action=raw,,Hôtel de Ville (métro de Paris)|Hôtel de Ville,Bastille (métro de Paris)|Bastille,,,,,,,,
Saint-Philippe du Roule,18-05,,,48.87194148,9,9,27 mai 1923,,,,,,,,,2.310036421,https://fr.wikipedia.org/w/index.php?title=Saint-Philippe_du_Roule_(m%C3%A9tro_de_Paris)&action=raw,,Franklin D. Roosevelt (métro de Paris)|Franklin D. Roosevelt,Miromesnil (métro de Paris)|Miromesnil,,,,,,,,
Saint-Placide,412,,,48.84684463,4,4,9 janvier 1910,,,,,,,,,2.32691288,https://fr.wikipedia.org/w/index.php?title=Saint-Placide_(m%C3%A9tro_de_Paris)&action=raw,Vaugirard,Saint-Sulpice (métro de Paris)|Saint-Sulpice,Montparnasse - Bienvenüe (métro de Paris)|Montparnasse - Bienvenüe,,,,,,,,
Saint-Sébastien - Froissart,08-13,,,48.86047987,8,8,5 mai 1931,,,,,,,,,2.36735791,https://fr.wikipedia.org/w/index.php?title=Saint-S%C3%A9bastien_-_Froissart_(m%C3%A9tro_de_Paris)&action=raw,Saint-Sébastien,Filles du Calvaire (métro de Paris)|Filles du Calvaire,Chemin Vert (métro de Paris)|Chemin Vert,,,,,,,,
Saint-Sulpice,02-12,,,48.85090947,4,4,9 janvier 1910,,,,,,,,,2.330651879,https://fr.wikipedia.org/w/index.php?title=Saint-Sulpice_(m%C3%A9tro_de_Paris)&action=raw,,Saint-Germain-des-Prés (métro de Paris)|Saint-Germain-des-Prés,Saint-Placide (métro de Paris)|Saint-Placide,,,,,,,,
Ségur,204,,,48.84743417,10,10,29 septembre 1937,,,,,,,,,2.306852639,https://fr.wikipedia.org/w/index.php?title=S%C3%A9gur_(m%C3%A9tro_de_Paris)&action=raw,,La Motte-Picquet - Grenelle (métro de Paris)|La Motte-Picquet - Grenelle,Duroc (métro de Paris)|Duroc,,,,,,,,
Sentier,1113,,,48.867569,3,3,20 novembre 1904,,,,,,,,,2.346387,https://fr.wikipedia.org/w/index.php?title=Sentier_(m%C3%A9tro_de_Paris)&action=raw,,Bourse (métro de Paris)|Bourse,Réaumur - Sébastopol (métro de Paris)|Réaumur - Sébastopol,,,,,,,,
Sèvres - Babylone,209,,,48.85150955,"10, 12",10,5 novembre 1910,12,30 décembre 1923,,,,,,,2.326655388,https://fr.wikipedia.org/w/index.php?title=S%C3%A8vres_-_Babylone_(m%C3%A9tro_de_Paris)&action=raw,,Vaneau (métro de Paris)|Vaneau,Mabillon (métro de Paris)|Mabillon,Rue du Bac (métro de Paris)|Rue du Bac,Rennes (métro de Paris)|Rennes,,,,,,
Sèvres - Lecourbe,02-03,,,48.84563376,6,6,24 avril 1906,,,,,,,,,2.309475839,https://fr.wikipedia.org/w/index.php?title=S%C3%A8vres_-_Lecourbe_(m%C3%A9tro_de_Paris)&action=raw,Suffren,Cambronne (métro de Paris)|Cambronne,Pasteur (métro de Paris)|Pasteur,,,,,,,,
Simplon,20-10,,,48.89463269,4,4,14 mai 1908,,,,,,,,,2.347091065,https://fr.wikipedia.org/w/index.php?title=Simplon_(m%C3%A9tro_de_Paris)&action=raw,,Porte de Clignancourt (métro de Paris)|Porte de Clignancourt,Marcadet - Poissonniers (métro de Paris)|Marcadet - Poissonniers,,,,,,,,
Solférino,1014,,,48.85824935,12,12,5 novembre 1910,,,,,,,,,2.323224843,https://fr.wikipedia.org/w/index.php?title=Solf%C3%A9rino_(m%C3%A9tro_de_Paris)&action=raw,,Assemblée nationale (métro de Paris)|Assemblée nationale,Rue du Bac (métro de Paris)|Rue du Bac,,,,,,,,
Stalingrad,22-11,,,48.88426295,"2, 5, 7",2,31 janvier 1903,5,12 octobre 1942,7,5 novembre 1910,,,,,2.365823686,https://fr.wikipedia.org/w/index.php?title=Stalingrad_(m%C3%A9tro_de_Paris)&action=raw,,La Chapelle (métro de Paris)|La Chapelle,Jaurès (métro de Paris)|Jaurès,Jaurès (métro de Paris)|Jaurès,Gare du Nord (métro de Paris)|Gare du Nord,Riquet (métro de Paris)|Riquet,Louis Blanc (métro de Paris)|Louis Blanc,,,,
Strasbourg - Saint-Denis,1110,,,48.8695915,"4, 8, 9",4,21 avril 1908,8,5 mai 1931,9,10 décembre 1933,,,,,2.354008555,https://fr.wikipedia.org/w/index.php?title=Strasbourg_-_Saint-Denis_(m%C3%A9tro_de_Paris)&action=raw,,Château d'Eau (métro de Paris)|Château d'Eau,Réaumur - Sébastopol (métro de Paris)|Réaumur - Sébastopol,Bonne-Nouvelle (métro de Paris)|Bonne-Nouvelle,République (métro de Paris)|République,Bonne-Nouvelle (métro de Paris)|Bonne-Nouvelle,République (métro de Paris)|République,,,,
Sully - Morland,1208,,,48.85142483,7,7,3 juin 1930,,,,,,,,,2.36189425,https://fr.wikipedia.org/w/index.php?title=Sully_-_Morland_(m%C3%A9tro_de_Paris)&action=raw,Pont Sully,Pont Marie (métro de Paris)|Pont Marie,Jussieu (métro de Paris)|Jussieu,,,,,,,,
Télégraphe,23-15,,,48.87546271,11,11,28 avril 1935,,,,,,,,,2.398433983,https://fr.wikipedia.org/w/index.php?title=T%C3%A9l%C3%A9graphe_(m%C3%A9tro_de_Paris)&action=raw,,Place des Fêtes (métro de Paris)|Place des Fêtes,Porte des Lilas (métro de Paris)|Porte des Lilas,,,,,,,,
Temple,08-06,,,48.866488,3,3,19 octobre 1904,,,,,,,,,2.360595,https://fr.wikipedia.org/w/index.php?title=Temple_(m%C3%A9tro_de_Paris)&action=raw,,Arts et Métiers (métro de Paris)|Arts et Métiers,République (métro de Paris)|République,,,,,,,,
Ternes,1814,,,48.878178,2,2,7 octobre 1902,,,,,,,,,2.298671,https://fr.wikipedia.org/w/index.php?title=Ternes_(m%C3%A9tro_de_Paris)&action=raw,,Charles de Gaulle - Étoile (métro de Paris)|Charles de Gaulle - Étoile,Courcelles (métro de Paris)|Courcelles,,,,,,,,
Tolbiac,1410,,,48.826665,"7, 10",7,26 avril 1931,10,7 mars 1930,,,,,,,2.357678,https://fr.wikipedia.org/w/index.php?title=Tolbiac_(m%C3%A9tro_de_Paris)&action=raw,,Place d'Italie (métro de Paris)|Place d'Italie,Maison Blanche (métro de Paris)|Maison Blanche,,,,,,,,
Trinité - d'Estienne d'Orves,31-08,,,48.87630241,12,12,5 novembre 1910,,,,,,,,,2.333197296,https://fr.wikipedia.org/w/index.php?title=Trinit%C3%A9_-_d%27Estienne_d%27Orves_(m%C3%A9tro_de_Paris)&action=raw,,Notre-Dame-de-Lorette (métro de Paris)|Notre-Dame-de-Lorette,Saint-Lazare (métro de Paris)|Saint-Lazare,,,,,,,,
Trocadéro,1715,,,48.86330141,"6, 9, 5, 2S",6,6 octobre 1942,9,8 novembre 1922,5,5 novembre 1903,2S,2 octobre 1900,1,2 octobre 1900,2.287060618,https://fr.wikipedia.org/w/index.php?title=Trocad%C3%A9ro_(m%C3%A9tro_de_Paris)&action=raw,,Boissière (métro de Paris)|Boissière,Passy (métro de Paris)|Passy,Rue de la Pompe (métro de Paris)|Rue de la Pompe,Iéna (métro de Paris)|Iéna,,,,,,
Tuileries,11-01,,,48.8644971,1,1,19 juillet 1900,,,,,,,,,2.33031418,https://fr.wikipedia.org/w/index.php?title=Tuileries_(m%C3%A9tro_de_Paris)&action=raw,,Concorde (métro de Paris)|Concorde,Palais-Royal - Musée du Louvre (métro de Paris)|Palais-Royal - Musée du Louvre,,,,,,,,
Vaneau,02-08,,,48.848811,10,10,30 décembre 1923,,,,,,,,,2.321205,https://fr.wikipedia.org/w/index.php?title=Vaneau_(m%C3%A9tro_de_Paris)&action=raw,,Duroc (métro de Paris)|Duroc,Sèvres - Babylone (métro de Paris)|Sèvres - Babylone,,,,,,,,
Varenne,1012,,,48.85623757,"13, 10, 14",13,9 novembre 1976,10,30 décembre 1923,14,27 juillet 1937,,,,,2.314920723,https://fr.wikipedia.org/w/index.php?title=Varenne_(m%C3%A9tro_de_Paris)&action=raw,,Invalides (métro de Paris)|Invalides,Saint-François-Xavier (métro de Paris)|Saint-François-Xavier,,,,,,,,
Vaugirard,1604,,,48.839649,12,12,5 novembre 1910,,,,,,,,,2.301491,https://fr.wikipedia.org/w/index.php?title=Vaugirard_(m%C3%A9tro_de_Paris)&action=raw,,Volontaires (métro de Paris)|Volontaires,Convention (métro de Paris)|Convention,,,,,,,,
Vavin,407,,,48.84223223,4,4,9 janvie 1910,,,,,,,,,2.328948677,https://fr.wikipedia.org/w/index.php?title=Vavin_(m%C3%A9tro_de_Paris)&action=raw,,Montparnasse - Bienvenüe (métro de Paris)|Montparnasse - Bienvenüe,Raspail (métro de Paris)|Raspail,,,,,,,,
Victor Hugo,1810,,,48.869817,2,2,13 décembre 1900,,,,,,,,,2.285199,https://fr.wikipedia.org/w/index.php?title=Victor_Hugo_(m%C3%A9tro_de_Paris)&action=raw,,Porte Dauphine (métro de Paris)|Porte Dauphine,Charles de Gaulle - Étoile (métro de Paris)|Charles de Gaulle - Étoile,,,,,,,,
Villejuif - Léo Lagrange,26-07,,,48.80376846,7,7,28 février 1985,,,,,,,,,2.363927364,https://fr.wikipedia.org/w/index.php?title=Villejuif_-_L%C3%A9o_Lagrange_(m%C3%A9tro_de_Paris)&action=raw,,Le Kremlin-Bicêtre (métro de Paris)|Le Kremlin-Bicêtre,Villejuif - Paul Vaillant-Couturier (métro de Paris)|Villejuif - Paul Vaillant-Couturier,,,,,,,,
Villejuif - Louis Aragon,26-09,,,48.78717548,7,7,28 février 1985,15,,,,,,,,2.36756444,https://fr.wikipedia.org/w/index.php?title=Villejuif_-_Louis_Aragon_(m%C3%A9tro_de_Paris)&action=raw,,Villejuif - Paul Vaillant-Couturier (métro de Paris)|Villejuif - Paul Vaillant-Couturier,''Terminus''',Villejuif - Institut Gustave-Roussy (métro de Paris)|Villejuif - Institut Gustave-Roussy,Vitry Centre (métro de Paris)|Vitry Centre,,,,,,
Villejuif - Paul Vaillant-Couturier,26-08,,,48.79599124,7,7,28 février 1985,,,,,,,,,2.368248403,https://fr.wikipedia.org/w/index.php?title=Villejuif_-_Paul_Vaillant-Couturier_(m%C3%A9tro_de_Paris)&action=raw,,Villejuif - Léo Lagrange (métro de Paris)|Villejuif - Léo Lagrange,Villejuif - Louis Aragon (métro de Paris)|Villejuif - Louis Aragon,,,,,,,,
Villiers,603,,,48.88113039,"2, 3",2,21 janvier 1903,3,19 octobre 1904,,,,,,,2.314867079,https://fr.wikipedia.org/w/index.php?title=Villiers_(m%C3%A9tro_de_Paris)&action=raw,Avenue de Villiers,Monceau (métro de Paris)|Monceau,Rome (métro de Paris)|Rome,Malesherbes (métro de Paris)|Malesherbes,Europe (métro de Paris)|Europe,,,,,,
Volontaires,16-03,,,48.84134253,12,12,5 novembre 1910,,,,,,,,,2.307504416,https://fr.wikipedia.org/w/index.php?title=Volontaires_(m%C3%A9tro_de_Paris)&action=raw,,Pasteur (métro de Paris)|Pasteur,Vaugirard (métro de Paris)|Vaugirard,,,,,,,,
Voltaire,24-01,,,48.85780289,9,9,10 décembre 1933,,,,,,,,,2.380106449,https://fr.wikipedia.org/w/index.php?title=Voltaire_(m%C3%A9tro_de_Paris)&action=raw,,Saint-Ambroise (métro de Paris)|Saint-Ambroise,Charonne (métro de Paris)|Charonne,,,,,,,,
Wagram,3004,,,48.884057,3,3,23 mai 1910,,,,,,,,,2.303668,https://fr.wikipedia.org/w/index.php?title=Wagram_(m%C3%A9tro_de_Paris)&action=raw,,Pereire (métro de Paris)|Pereire,Malesherbes (métro de Paris)|Malesherbes,,,,,,,,
Arsenal,Non,,2 septembre 1939,48.849042,5,5,17 décembre 1906,,,,,,,,,2.366642,https://fr.wikipedia.org/w/index.php?title=Arsenal_(m%C3%A9tro_de_Paris)&action=raw,,Bastille (métro de Paris)|Bastille,Quai de la Rapée (métro de Paris)|Quai de la Rapée,,,,,,,,
Champ de Mars,Non,,2 septembre 1939,48.85185547,8,8,13 juillet 1913,,,,,,,,,2.301879823,https://fr.wikipedia.org/w/index.php?title=Champ_de_Mars_(m%C3%A9tro_de_Paris)&action=raw,,La Motte-Picquet - Grenelle (métro de Paris)|La Motte-Picquet - Grenelle,École Militaire (métro de Paris)|École Militaire,,,,,,,,
Saint-Martin,Non,,2 septembre 1939,48.86844,"8, 9",8,5 mai 1931,9,10 décembre 1933,,,,,,,2.358661,https://fr.wikipedia.org/w/index.php?title=Saint-Martin_(m%C3%A9tro_de_Paris)&action=raw,,Strasbourg - Saint-Denis (métro de Paris)|Strasbourg - Saint-Denis,République (métro de Paris)|République,Strasbourg - Saint-Denis (métro de Paris)|Strasbourg - Saint-Denis,République (métro de Paris)|République,,,,,,
Croix-Rouge,Non,,2 septembre 1939,48.8518943,10,10,30 décembre 1923,,,,,,,,,2.329503894,https://fr.wikipedia.org/w/index.php?title=Croix-Rouge_(m%C3%A9tro_de_Paris)&action=raw,,Sèvres - Babylone (métro de Paris)|Sèvres - Babylone,Mabillon (métro de Paris)|Mabillon,,,,,,,,
Haxo,non,['1921 dans les chemins de fer|1921,Jamais ouverte,48.8787,,,,,,,,,,,,2.40164,https://fr.wikipedia.org/w/index.php?title=Haxo_(m%C3%A9tro_de_Paris)&action=raw,,,,,,,,,,,
Porte Molitor,absent,Construite en 1923,,48.84298246,,,,,,,,,,,,2.256335914,https://fr.wikipedia.org/w/index.php?title=Porte_Molitor_(m%C3%A9tro_de_Paris)&action=raw,,,,,,,,,,,
Gare du Nord USFRT,non,,12 octobre 1942,48.8792871,5,5,15 novembre 1907,,,,,,,,,2.354367971,https://fr.wikipedia.org/w/index.php?title=Gare_du_Nord_USFRT_(m%C3%A9tro_de_Paris)&action=raw,,,,,,,,,,,
Martin Nadaud,non,,23 aout 1969,48.86489827,3,3,25 Janvier 1905,,,,,,,,,2.398120165,https://fr.wikipedia.org/w/index.php?title=Martin_Nadaud_(m%C3%A9tro_de_Paris)&action=raw,,,,,,,,,,,
Barbara,,,,48.8092,4,4,,,,,,,,,,2.31766944,https://fr.wikipedia.org/w/index.php?title=Barbara_(m%C3%A9tro_de_Paris)&action=raw,,Mairie de Montrouge (métro de Paris)|Mairie de Montrouge,Bagneux - Lucie Aubrac (métro de Paris)|Bagneux - Lucie Aubrac,,,,,,,,
Bagneux - Lucie Aubrac,GA19 / 19BAG,,,48.80266078,"4, 15",4,,,,,,,,,,2.317356169,https://fr.wikipedia.org/w/index.php?title=Bagneux_-_Lucie_Aubrac_(m%C3%A9tro_de_Paris)&action=raw,,Barbara (métro de Paris)|Barbara,''Terminus''',Châtillon - Montrouge (métro de Paris)|Châtillon - Montrouge,Arcueil - Cachan (métro de Paris)|Arcueil - Cachan,,,,,,
Aimé Césaire,non défini,,,48.90831679,12,12,,,,,,,,,,2.378019691,https://fr.wikipedia.org/w/index.php?title=Aim%C3%A9_C%C3%A9saire_(m%C3%A9tro_de_Paris)&action=raw,,Mairie d'Aubervilliers (métro de Paris)|Mairie d'Aubervilliers,Front Populaire (métro de Paris)|Front Populaire,,,,,,,,
Mairie d'Aubervilliers,GA65 / 65MAU,,,48.91382915,"12, 15",12,,,,,,,,,,2.380650938,https://fr.wikipedia.org/w/index.php?title=Mairie_d%27Aubervilliers_(m%C3%A9tro_de_Paris)&action=raw,,''Terminus''',Aimé Césaire (métro de Paris)|Aimé Césaire,Gare de La Plaine - Stade de France|Stade de France,Fort d'Aubervilliers (métro de Paris)|Fort d'Aubervilliers,,,,,,
Serge Gainsbourg,Non,,,48.88136,11,11,,,,,,,,,,2.42743,https://fr.wikipedia.org/w/index.php?title=Serge_Gainsbourg_(m%C3%A9tro_de_Paris)&action=raw,,Mairie des Lilas (métro de Paris)|Mairie des Lilas,Place Carnot (métro de Paris)|Place Carnot,,,,,,,,
Place Carnot,non,,,48.88317,11,11,,,,,,,,,,2.44052,https://fr.wikipedia.org/w/index.php?title=Place_Carnot_(m%C3%A9tro_de_Paris)&action=raw,,Serge Gainsbourg (métro de Paris)|Serge Gainsbourg,Montreuil - Hôpital (métro de Paris)|Montreuil - Hôpital,,,,,,,,
Montreuil - Hôpital,non,,,48.8783,"9, 11",9,,,,,,,,,,2.45456,https://fr.wikipedia.org/w/index.php?title=Montreuil_-_H%C3%B4pital_(m%C3%A9tro_de_Paris)&action=raw,,Aristide Briand (métro de Paris)|Aristide Briand,''Terminus''',Place Carnot (métro de Paris)|Place Carnot,La Dhuys (métro de Paris)|La Dhuys,,,,,,
La Dhuys,non,,,48.87811,11,11,,,,,,,,,,2.46549,https://fr.wikipedia.org/w/index.php?title=La_Dhuys_(m%C3%A9tro_de_Paris)&action=raw,,Montreuil - Hôpital (métro de Paris)|Montreuil - Hôpital,Coteaux Beauclair (métro de Paris)|Coteaux Beauclair,,,,,,,,
Coteaux Beauclair,non,,,48.88224,11,11,,,,,,,,,,2.46735,https://fr.wikipedia.org/w/index.php?title=Coteaux_Beauclair_(m%C3%A9tro_de_Paris)&action=raw,,La Dhuys (métro de Paris)|La Dhuys,Rosny-Bois-Perrier (métro de Paris)|Rosny-Bois-Perrier,,,,,,,,
Rosny-Bois-Perrier,GA71 / 71RBP,,,48.88242,"11, 15",11,,,,,,,,,,2.48083,https://fr.wikipedia.org/w/index.php?title=Rosny-Bois-Perrier_(m%C3%A9tro_de_Paris)&action=raw,,Coteaux Beauclair (métro de Paris)|Coteaux Beauclair,''Terminus''',Gare de Bondy|Bondy,Gare du Val de Fontenay|Val de Fontenay,,,,,,
Pont-Cardinet,GA60 / 60PCA,,,48.8895194,14,14,,,,,,,,,,2.31530278,https://fr.wikipedia.org/w/index.php?title=Pont-Cardinet_(m%C3%A9tro_de_Paris)&action=raw,,Porte de Clichy (métro de Paris)|Porte de Clichy,Saint-Lazare (métro de Paris)|Saint-Lazare,,,,,,,,
Saint-Ouen,GA62 / 62STO,,,48.9044972,14,14,,,,,,,,,,2.32180556,https://fr.wikipedia.org/w/index.php?title=Saint-Ouen_(m%C3%A9tro_de_Paris)&action=raw,,Mairie de Saint-Ouen (métro de Paris)|Mairie de Saint-Ouen,Porte de Clichy (métro de Paris)|Porte de Clichy,,,,,,,,
Aristide Briand,non,,,48.86976793,9,9,,,,,,,,,,2.449682951,https://fr.wikipedia.org/w/index.php?title=Aristide_Briand_(m%C3%A9tro_de_Paris)&action=raw,,Mairie de Montreuil (métro de Paris)|Mairie de Montreuil,Montreuil - Hôpital (métro de Paris)|Montreuil - Hôpital,,,,,,,,
Port de Gennevilliers,,,,48.93796038,13,13,,,,,,,,,,2.278279066,https://fr.wikipedia.org/w/index.php?title=Port_de_Gennevilliers_(m%C3%A9tro_de_Paris)&action=raw,,,,,,,,,,,
Saint-Denis Pleyel,GA33 / 33SDP,,,48.9175972,"14, 15, 16, 17",14,,,,,,17,,,,2.34667222,https://fr.wikipedia.org/w/index.php?title=Saint-Denis_Pleyel_(m%C3%A9tro_de_Paris)&action=raw,,Mairie de Saint-Ouen (métro de Paris)|Mairie de Saint-Ouen,''Terminus''',Gare des Grésillons|Les Grésillons,Gare de La Plaine - Stade de France|Stade de France,''Terminus''',La Courneuve - Six Routes (métro de Paris)|La Courneuve — Six Routes,Gare des Grésillons|Les Grésillons,La Courneuve - Six Routes (métro de Paris)|La Courneuve — Six Routes,,
Noisy - Champs,GA08 / 08NCH,,,48.8429,"11, 15, 16",11,,,,,,,,,,2.58,https://fr.wikipedia.org/w/index.php?title=Noisy_-_Champs_(m%C3%A9tro_de_Paris)&action=raw,,,,Neuilly-Hôpitaux,Terminus,Bry-Villiers-Champigny (métro de Paris)|Bry-Villiers-Champigny,Terminus,Chelles (métro de Paris)|Chelles,Terminus,,
Villejuif - Institut Gustave-Roussy,GA17 / 17IGR,,,48.79329,"14, 15",14,,,,,,,,,,2.34926,https://fr.wikipedia.org/w/index.php?title=Villejuif_-_Institut_Gustave-Roussy_(m%C3%A9tro_de_Paris)&action=raw,,Kremlin-Bicêtre Hôpital (métro de Paris)|Kremlin-Bicêtre Hôpital,Chevilly Trois communes (métro de Paris)|Chevilly Trois communes,Arcueil - Cachan (métro de Paris)|Arcueil - Cachan,Villejuif - Louis Aragon (métro de Paris)|Villejuif - Louis Aragon,,,,,,
Aéroport d'Orly,GA46 / 46ORY,,,48.72551,"14, 18",14,,,,,,,,,,2.359443,https://fr.wikipedia.org/w/index.php?title=A%C3%A9roport_d%27Orly_(m%C3%A9tro_de_Paris)&action=raw,,Pont de Rungis (métro de Paris)|Pont de Rungis,''Terminus''',Antonypôle,''Terminus''',,,,,,
Le Bourget RER,GA01 / 01LBG,,,48.9283,"16, 17",16,,,,,,,,,,2.3876,https://fr.wikipedia.org/w/index.php?title=Le_Bourget_RER_(m%C3%A9tro_de_Paris)&action=raw,,La Courneuve - Six Routes (métro de Paris)|La Courneuve - Six Routes,Le Blanc-Mesnil (métro de Paris)|Le Blanc-Mesnil,La Courneuve - Six Routes (métro de Paris)|La Courneuve - Six Routes,Le Bourget - Aéroport (métro de Paris)|Le Bourget - Aéroport,,,,,,
Kremlin-Bicêtre Hôpital,GA42 / 42KBH,,,48.8098167,14,14,,,,,,,,,,2.34978333,https://fr.wikipedia.org/w/index.php?title=Kremlin-Bic%C3%AAtre_H%C3%B4pital_(m%C3%A9tro_de_Paris)&action=raw,,Maison Blanche (métro de Paris)|Maison Blanche -  Paris XIIIe,Villejuif - Institut Gustave-Roussy (métro de Paris)|Villejuif - Institut Gustave-Roussy,,,,,,,,
Chevilly - Trois Communes,GA43 / 43C3C,,,48.7752778,14,14,,,,,,,,,,2.35408333,https://fr.wikipedia.org/w/index.php?title=Chevilly_-_Trois_Communes_(m%C3%A9tro_de_Paris)&action=raw,,Villejuif - Institut Gustave-Roussy (métro de Paris)|Villejuif - Institut Gustave-Roussy,Porte de Thiais - Marché International (métro de Paris)|Porte de Thiais - Marché International,,,,,,,,
Porte de Thiais - Marché International,GA44 / 44PDT,,,48.759666,14,14,,,,,,,,,,2.366383,https://fr.wikipedia.org/w/index.php?title=Porte_de_Thiais_-_March%C3%A9_International_(m%C3%A9tro_de_Paris)&action=raw,,Chevilly Trois communes (métro de Paris)|Chevilly Trois communes,Pont de Rungis (métro de Paris)|Pont de Rungis,,,,,,,,
Pont de Rungis,GA45 / 45PDR,,,48.7473667,14,14,,,,,,,,,,2.37293056,https://fr.wikipedia.org/w/index.php?title=Pont_de_Rungis_(m%C3%A9tro_de_Paris)&action=raw,,Porte de Thiais - Marché International (métro de Paris)|Porte de Thiais - Marché International,Aéroport d'Orly (métro de Paris)|Aéroport d'Orly,,,,,,,,
Bry-Villiers-Champigny,GA09 / 09BVC,,,48.82397,15,15,,,,,,,,,,2.52621,https://fr.wikipedia.org/w/index.php?title=Bry-Villiers-Champigny_(m%C3%A9tro_de_Paris)&action=raw,,Champigny Centre (métro de Paris)|Champigny Centre,Noisy - Champs (métro de Paris)|Noisy - Champs,,,,,,,,
Champigny Centre,GA10 / 10CHC,,,48.816114,15,15,,,,,,,,,,2.502161,https://fr.wikipedia.org/w/index.php?title=Champigny_Centre_(m%C3%A9tro_de_Paris)&action=raw,,,,"Saint-Maur - Créteil (métro de Paris)|Saint-Maur - Créteil', 'Gare de Nogent - Le Perreux|Nogent - Le Perreux",Bry-Villiers-Champigny (métro de Paris)|Bry-Villiers-Champigny,,,,,,
Saint-Maur - Créteil,GA11 / 11SMC,,,48.8068972,15,15,,,,,,,,,,2.47277222,https://fr.wikipedia.org/w/index.php?title=Saint-Maur_-_Cr%C3%A9teil_(m%C3%A9tro_de_Paris)&action=raw,,,,Créteil - L'Échat (métro de Paris)|Créteil - L'Échat,Champigny Centre (métro de Paris)|Champigny Centre,,,,,,
Le Vert de Maisons,GA13 / 13VDM,,,48.7894306,15,15,,,,,,,,,,2.43250833,https://fr.wikipedia.org/w/index.php?title=Le_Vert_de_Maisons_(m%C3%A9tro_de_Paris)&action=raw,,Les Ardoines (métro de Paris)|Les Ardoines,Créteil - L'Échat (métro de Paris)|Créteil - L'Échat,,,,,,,,
Les Ardoines,GA14 / 14ARD,,,48.7824306,"10, 15",15,,,,,,,,,,2.40850556,https://fr.wikipedia.org/w/index.php?title=Les_Ardoines_(m%C3%A9tro_de_Paris)&action=raw,,Vitry Centre (métro de Paris)|Vitry Centre,Le Vert de Maisons (métro de Paris)|Le Vert de Maisons,,,,,,,,
Vitry Centre,GA15 / 15VIC,,,48.7899222,15,15,,,,,,,,,,2.38721944,https://fr.wikipedia.org/w/index.php?title=Vitry_Centre_(m%C3%A9tro_de_Paris)&action=raw,,Villejuif - Louis Aragon (métro de Paris)|Villejuif - Louis Aragon,Les Ardoines (métro de Paris)|Les Ardoines,,,,,,,,
Arcueil - Cachan,GA18 / 18ARC,,,48.79748,15,15,,,,,,,,,,2.32823,https://fr.wikipedia.org/w/index.php?title=Arcueil_-_Cachan_(m%C3%A9tro_de_Paris)&action=raw,,Bagneux - Lucie Aubrac (métro de Paris)|Bagneux - Lucie Aubrac,Villejuif - Institut Gustave-Roussy (métro de Paris)|Villejuif - Institut Gustave-Roussy,,,,,,,,
Fort d'Issy - Vanves - Clamart,GA21 / 21FVC,,,48.814125,15,15,,,,,,,,,,2.2734,https://fr.wikipedia.org/w/index.php?title=Fort_d%27Issy_-_Vanves_-_Clamart_(m%C3%A9tro_de_Paris)&action=raw,,Issy RER (métro de Paris)|Issy RER,Châtillon - Montrouge (métro de Paris)|Châtillon - Montrouge,,,,,,,,
Issy RER,GA22 / 22ISS,,,48.821069,"12, 15",15,,,,,,,,,,2.259944,https://fr.wikipedia.org/w/index.php?title=Issy_RER_(m%C3%A9tro_de_Paris)&action=raw,,Pont de Sèvres (métro de Paris)|Pont de Sèvres,Fort d'Issy - Vanves - Clamart (métro de Paris)|Fort d'Issy - Vanves - Clamart,,,,,,,,
Chelles,GA07 / 07CHL,,,48.8743167,16,16,,,,,,,,,,2.58580833,https://fr.wikipedia.org/w/index.php?title=Chelles_(m%C3%A9tro_de_Paris)&action=raw,,Clichy - Montfermeil (métro de Paris)|Clichy - Montfermeil,Noisy - Champs (métro de Paris)|Noisy - Champs,,,,,,,,
Clichy - Montfermeil,GA06 / 06CMF,,,48.904425,16,16,,,,,,,,,,2.55656667,https://fr.wikipedia.org/w/index.php?title=Clichy_-_Montfermeil_(m%C3%A9tro_de_Paris)&action=raw,,Sevran - Livry (métro de Paris)|Sevran - Livry,Chelles (métro de Paris)|Chelles,,,,,,,,
Sevran - Livry,GA05 / 05SEL,,,48.93583611,16,16,,,,,,,,,,2.53474722,https://fr.wikipedia.org/w/index.php?title=Sevran_-_Livry_(m%C3%A9tro_de_Paris)&action=raw,,Sevran - Beaudottes (métro de Paris)|Sevran - Beaudottes,Clichy - Montfermeil (métro de Paris)|Clichy - Montfermeil,,,,,,,,
Sevran - Beaudottes,GA04 / 04SEB,,,48.9470361,16,16,,,,,,,,,,2.52534444,https://fr.wikipedia.org/w/index.php?title=Sevran_-_Beaudottes_(m%C3%A9tro_de_Paris)&action=raw,,Aulnay (métro de Paris)|Aulnay,Sevran - Livry (métro de Paris)|Sevran - Livry,,,,,,,,
Aulnay,GA03 / 03ALN,,,48.9518167,16,16,,,,,,,,,,2.48821944,https://fr.wikipedia.org/w/index.php?title=Aulnay_(m%C3%A9tro_de_Paris)&action=raw,,Le Blanc-Mesnil (métro de Paris)|Le Blanc-Mesnil,Sevran - Beaudottes (métro de Paris)|Sevran - Beaudottes,,,,,,,,
Le Blanc-Mesnil,GA02 / 02LBM,,,48.94552,16,16,,,,,,,,,,2.462688,https://fr.wikipedia.org/w/index.php?title=Le_Blanc-Mesnil_(m%C3%A9tro_de_Paris)&action=raw,,Le Bourget RER (métro de Paris)|Le Bourget RER,Aulnay (métro de Paris)|Aulnay,,,,,,,,