Nom,Fermetrue,Ouverture,latitude,longitude,Nom de référence
Abbesses,,1/30/1913 0:00:00,48.88441765,2.338712812,Abbesses
Alésia,,10/30/1909 0:00:00,48.82839851,2.326745674,Alésia
Bagnolet,13 septembre 1970,1/31/1903 0:00:00,48.85617445,2.394989816,Alexandre Dumas
Alexandre Dumas,,13 septembre 1970,48.85617445,2.394989816,Alexandre Dumas
Alma - Marceau,,5/27/1923 0:00:00,48.864904,2.300234,Alma - Marceau
Anatole France,,9/24/1937 0:00:00,48.892022,2.285536,Anatole France
Anvers,,10/7/1902 0:00:00,48.88300713,2.344848812,Anvers
Obligado,25 mai 1948,9/1/1900 0:00:00,48.87553309,2.289321664,Argentine
Argentine,,25 mai 1948,48.87553309,2.289321664,Argentine
Arsenal,9/2/1939 0:00:00,12/17/1906 0:00:00,48.849042,2.366642,Arsenal
Arts et Métiers,,10/19/1904 0:00:00,48.8655,2.3561,Arts et Métiers
Chambre des Députés,30 juin 1989,11/5/1910 0:00:00,48.86065457,2.321130037,Assemblée nationale
Assemblée nationale,,30 juin 1989,48.86065457,2.321130037,Assemblée nationale
Aubervilliers - Pantin - Quatre Chemins,,10/4/1979 0:00:00,48.90389694,2.392495573,Aubervilliers - Pantin - Quatre Chemins
Commerce,1er mars 1937,7/13/1913 0:00:00,48.84697701,2.294511795,Avenue Émile-Zola
Avenue Émile-Zola,,1er mars 1937,48.84697701,2.294511795,Avenue Émile-Zola
Avron,,4/2/1903 0:00:00,48.85194019,2.397862673,Avron
Balard,,7/27/1937 0:00:00,48.83627546,2.278218327,Balard
Boulevard Barbès,15 octobre 1907,1/31/1903 0:00:00,48.88364,2.350516,Barbès - Rochechouart
Barbès - Rochechouart,,15 octobre 1907,48.88364,2.350516,Barbès - Rochechouart
Saint-Denis - Basilique,25 mai 1998,6/20/1976 0:00:00,48.93809957,2.360845506,Basilique de Saint-Denis
Basilique de Saint-Denis,,25 mai 1998,48.93809957,2.360845506,Basilique de Saint-Denis
Bastille,,7/19/1900 0:00:00,48.853082,2.369077,Bastille
Bel-Air,,3/1/1909 0:00:00,48.8413443,2.400912344,Bel-Air
Belleville,,1/31/1903 0:00:00,48.87208261,2.376946807,Belleville
Bérault,,3/24/1934 0:00:00,48.84533424,2.429238498,Bérault
Bercy,,3/1/1909 0:00:00,48.84042809,2.379582969,Bercy
Bibliothèque François-Mitterrand,,10/15/1998 0:00:00,48.82960597,2.376092612,Bibliothèque François-Mitterrand
Billancourt,,2/3/1934 0:00:00,48.83208981,2.238177359,Billancourt
Grenelle,18 juin 1949,04/24/1906 0:00:00,48.853917,2.289332,Bir-Hakeim
Bir-Hakeim,,18 juin 1949,48.853917,2.289332,Bir-Hakeim
Blanche,,10/21/1902 0:00:00,48.883459,2.333703,Blanche
Bobigny - Pablo Picasso,,4/25/1985 0:00:00,48.906538,2.449994,Bobigny - Pablo Picasso
Bobigny - Pantin - Raymond Queneau,,4/25/1985 0:00:00,48.89540875,2.424928844,Bobigny - Pantin - Raymond Queneau
Boissière,,10/2/1900 0:00:00,48.86738609,2.290391922,Boissière
Bolivar,,1/18/1911 0:00:00,48.88050244,2.374921739,Bolivar
Bonne-Nouvelle,,5/5/1931 0:00:00,48.87063948,2.348874807,Bonne-Nouvelle
Botzaris,,1/18/1911 0:00:00,48.87955169,2.388040423,Botzaris
Boucicaut,,7/27/1937 0:00:00,48.841101,2.287817,Boucicaut
Boulogne - Jean Jaurès,,10/3/1980 0:00:00,48.84227813,2.238877416,Boulogne - Jean Jaurès
Boulogne - Pont de Saint-Cloud,,10/2/1981 0:00:00,48.840684,2.228331,Boulogne - Pont de Saint-Cloud
Bourse,,10/19/1904 0:00:00,48.86873757,2.341369987,Bourse
Bréguet - Sabin,,12/31/1906 0:00:00,48.85613345,2.370093763,Bréguet - Sabin
Brochant,,1/20/1912 0:00:00,48.8908555,2.31970042,Brochant
Buttes Chaumont,,2/13/1912 0:00:00,48.87850037,2.381772101,Buttes Chaumont
Buzenval,,12/10/1933 0:00:00,48.851976,2.402045,Buzenval
Cadet,,11/5/1910 0:00:00,48.87613482,2.344875634,Cadet
Cambronne,,04/24/1906 0:00:00,48.84753654,2.302936614,Cambronne
Campo-Formio,,6/6/1906 0:00:00,48.83502241,2.358128428,Campo-Formio
Cardinal Lemoine,,4/26/1931 0:00:00,48.8471394,2.351202965,Cardinal Lemoine
Carrefour Pleyel,,6/30/1952 0:00:00,48.91994192,2.343926132,Carrefour Pleyel
Censier - Daubenton,,2/15/1930 0:00:00,48.840597,2.351774,Censier - Daubenton
Champs de Mars,9/2/1939 0:00:00,7/13/1913 0:00:00,48.85185547,2.301879823,Champs de Mars
Champs-Élysées,20 mai 1931,7/19/1900 0:00:00,48.86741142,2.31395945,Champs-Élysées - Clemenceau
Champs-Élysées - Clemenceau,,20 mai 1931,48.86741142,2.31395945,Champs-Élysées - Clemenceau
Chardon-Lagache,,9/30/1913 0:00:00,48.84513775,2.26621449,Chardon-Lagache
Charenton - Écoles,,10/5/1942 0:00:00,48.82148972,2.41386205,Charenton - Écoles
Étoile,13 novembre 1970,9/1/1900 0:00:00,,,Charles de Gaulle - Étoile
Charles de Gaulle - Étoile,,13 novembre 1970,48.8744076,2.295762685,Charles de Gaulle - Étoile
Beaugrenelle,14 juillet 1945,7/13/1913 0:00:00,48.846591,2.286942,Charles Michels
Charles Michels,,14 juillet 1945,48.846591,2.286942,Charles Michels
Charonne,,12/10/1933 0:00:00,48.85510281,2.384639382,Charonne
Château d'Eau,,4/21/1908 0:00:00,48.8729012,2.356148958,Château d'Eau
Château de Vincennes,,3/24/1934 0:00:00,48.84453631,2.439509705,Château de Vincennes
Château Rouge,,4/21/1908 0:00:00,48.88673,2.349552,Château Rouge
Château-Landon,,11/5/1910 0:00:00,48.87845627,2.362071276,Château-Landon
Châtelet,,8/6/1900 0:00:00,48.85851952,2.347119401,Châtelet
Châtillon - Montrouge,,11/9/1976 0:00:00,48.81053942,2.301826179,Châtillon - Montrouge
Chaussée d'Antin - La Fayette,,11/5/1910 0:00:00,48.87307232,2.333932221,Chaussée d'Antin - La Fayette
Chemin Vert,,5/5/1931 0:00:00,48.85677758,2.368347645,Chemin Vert
Chevaleret,,3/1/1909 0:00:00,48.83493767,2.368082106,Chevaleret
Cité,,12/10/1910 0:00:00,48.85510059,2.346720374,Cité
Cluny,17 février 1988,2/15/1930 0:00:00,48.85105028,2.344273345,Cluny - La Sorbonne
Cluny - La Sorbonne,,17 février 1988,48.85105028,2.344273345,Cluny - La Sorbonne
Combat,19 août 1945,1/31/1903 0:00:00,48.877136,2.37116,Colonel Fabien
Colonel Fabien,,19 août 1945,48.877136,2.37116,Colonel Fabien
Commerce,,7/27/1937 0:00:00,48.845093,2.294215,Commerce
Concorde,,8/13/1900 0:00:00,48.866176,2.322397,Concorde
Convention,,11/5/1910 0:00:00,48.837419,2.296795,Convention
Pont de Flandres,10 février 1946,11/5/1910 0:00:00,48.89473,2.382307,Corentin Cariou
Corentin Cariou,,10 février 1946,48.89473,2.382307,Corentin Cariou
Petits Ménages,15 octobre 1945,3/24/1934 0:00:00,48.826833,2.278985,Corentin Celton
Corentin Celton,,15 octobre 1945,48.826833,2.278985,Corentin Celton
Corvisart,,04/24/1906 0:00:00,48.82980683,2.350508273,Corvisart
Cour Saint-Émilion,,10/15/1998 0:00:00,48.83333856,2.386632402,Cour Saint-Émilion
Courcelles,,10/7/1902 0:00:00,48.879401,2.304339,Courcelles
Couronnes,,1/31/1903 0:00:00,48.869521,2.379861,Couronnes
Créteil - L'Échat,,9/24/1973 0:00:00,48.79596297,2.449355721,Créteil - L'Échat
Créteil - Préfecture,,9/10/1974 0:00:00,48.77977215,2.459317446,Créteil - Préfecture
Créteil - Université,,9/10/1974 0:00:00,48.78975375,2.450785339,Créteil - Université
Crimée,,11/5/1910 0:00:00,48.89142,2.377377,Crimée
Croix de Chavaux,,10/14/1937 0:00:00,48.858055,2.435764,Croix de Chavaux
Croix-Rouge,9/2/1939 0:00:00,12/30/1923 0:00:00,48.8518943,2.329503894,Croix-Rouge
Danube,,1/18/1911 0:00:00,48.88180772,2.394201458,Danube
Daumesnil,,3/1/1909 0:00:00,48.8396443,2.395792007,Daumesnil
Denfert-Rochereau,,04/24/1906 0:00:00,48.8339013,2.332727909,Denfert-Rochereau
Charenton,12 juillet 1939,3/1/1909 0:00:00,48.83904937,2.389963567,Dugommier
Dugommier,,12 juillet 1939,48.83904937,2.389963567,Dugommier
Dupleix,,04/24/1906 0:00:00,48.85039234,2.293610573,Dupleix
Duroc,,12/30/1923 0:00:00,48.84682874,2.316479087,Duroc
École Militaire,,7/13/1913 0:00:00,48.85510987,2.306737304,École Militaire
Maisons-Alfort - École Vétérinaire,1er Janvier 1996,9/19/1970 0:00:00,48.81519006,2.421881855,École vétérinaire de Maisons-Alfort
École vétérinaire de Maisons-Alfort,,1/1/1996 0:00:00,48.81519006,2.421881855,École vétérinaire de Maisons-Alfort
Edgar Quinet,,04/24/1906 0:00:00,48.84104773,2.325083613,Edgar Quinet
Wilhem,15 mai 1921,9/30/1913 0:00:00,48.8471694,2.269020081,Église d'Auteuil
Église d'Auteuil,,15 mai 1921,48.8471694,2.269020081,Église d'Auteuil
Église de Pantin,,10/12/1942 0:00:00,48.89362771,2.412917912,Église de Pantin
Esplanade de La Défense,,4/1/1992 0:00:00,48.88784312,2.250442325,Esplanade de La Défense
Étienne Marcel,,4/21/1908 0:00:00,48.86411131,2.350607514,Étienne Marcel
Europe,,10/19/1904 0:00:00,48.878821,2.32238,Europe
Exelmans,,11/8/1922 0:00:00,48.84240522,2.259549201,Exelmans
Faidherbe - Chaligny,,5/5/1931 0:00:00,48.8501576,2.38339752,Faidherbe - Chaligny
Falguière,,11/5/1910 0:00:00,48.84449,2.317954,Falguière
Félix Faure,,7/27/1937 0:00:00,48.842351,2.291004,Félix Faure
Filles du Calvaire,,5/5/1931 0:00:00,48.86407249,2.366121411,Filles du Calvaire
Fort d'Aubervilliers,,10/4/1979 0:00:00,48.91423986,2.40378499,Fort d'Aubervilliers
Marbeuf - Rond-point des Champs-Élysées,30 octobre 1946,7/19/1900 0:00:00,48.86930523,2.308308765,Franklin D. Roosevelt
Franklin D. Roosevelt,,30 octobre 1946,48.86930523,2.308308765,Franklin D. Roosevelt
Front Populaire,,12/18/2012 0:00:00,48.90689109,2.365793764,Front Populaire
Gabriel Péri - Asnières - Gennevilliers,14 juin 2008,5/3/1980 0:00:00,48.91657541,2.294388413,Gabriel Péri
Gabriel Péri,,14 juin 2008,48.91657541,2.294388413,Gabriel Péri
Gaîté,,1/21/1937 0:00:00,48.83865393,2.322637439,Gaîté
Gallieni,,4/2/1971 0:00:00,48.864936,2.416637,Gallieni
Gambetta,,1/25/1905 0:00:00,48.864947,2.398451,Gambetta
Gare d'Orléans,15 octobre 1930,6/2/1906 0:00:00,48.84262588,2.364970744,Gare d'Austerlitz
Gare d'Orléans - Austerlitz,25 avril 1985,15 octobre 1930,48.84262588,2.364970744,Gare d'Austerlitz
Gare d'Austerlitz,,25 avril 1985,48.84262588,2.364970744,Gare d'Austerlitz
Gare de l'Est,21 juin 1953,11/15/1907 0:00:00,48.87614188,2.358278632,Gare de l'Est
Gare de l'Est,,21 juin 1953,48.87614188,2.358278632,Gare de l'Est - Verdun
Gare de Lyon,,7/19/1900 0:00:00,48.84470455,2.374065908,Gare de Lyon
Gare du Nord,,11/15/1907 0:00:00,48.88057476,2.354931235,Gare du Nord
Garibaldi,,6/30/1952 0:00:00,48.90639693,2.331907153,Garibaldi
Alma,27 mai 1920,8/13/1900 0:00:00,48.87198257,2.300462683,George V
George V,,27 mai 1920,48.87198257,2.300462683,George V
Glacière,,04/24/1906 0:00:00,48.8311505,2.343384326,Glacière
Goncourt,,4/28/1935 0:00:00,48.86983144,2.370686531,Goncourt
Rue Montmartre,1er septembre 1998,5/5/1931 0:00:00,48.87142633,2.344341874,Grands Boulevards
Grands Boulevards,,1er septembre 1998,48.87142633,2.344341874,Grands Boulevards
Marcadet,1/1/1912 0:00:00,2/26/1911 0:00:00,48.892221,2.327174,Guy Môquet
Marcadet - Balagny,27 janvier 1946,1/1/1912 0:00:00,48.892221,2.327174,Guy Môquet
Guy Môquet,,27 janvier 1946,48.892221,2.327174,Guy Môquet
Caumartin,1/1/1926 0:00:00,10/19/1904 0:00:00,48.873608,2.328325,Havre - Caumartin
Havre - Caumartin,,1/1/1926 0:00:00,48.873608,2.328325,Havre - Caumartin
Hoche,,10/12/1942 0:00:00,48.89149389,2.403143942,Hoche
Hôtel de Ville,,7/19/1900 0:00:00,48.85676953,2.35149454,Hôtel de Ville
Iéna,,5/27/1923 0:00:00,48.86446597,2.293379903,Iéna
Invalides,,12/24/1913 0:00:00,48.860907,2.314457,Invalides
Lancry,10 février 1946,12/17/1906 0:00:00,48.8712005,2.36060679,Jacques Bonsergent
Jacques Bonsergent,,10 février 1946,48.8712005,2.36060679,Jacques Bonsergent
Jasmin,,11/8/1922 0:00:00,48.85189783,2.267856002,Jasmin
Rue d'Allemagne,8/1/1914 0:00:00,2/23/1903 0:00:00,48.88179008,2.370198369,Jaurès
Jaurès,,8/1/1914 0:00:00,48.88179008,2.370198369,Jaurès
Javel - André Citroën,,9/30/1913 0:00:00,48.84616506,2.278716266,Javel - André Citroën
Jourdain,,4/28/1935 0:00:00,48.87519986,2.389507592,Jourdain
Jules Joffrin,,10/31/1912 0:00:00,48.89243737,2.344781756,Jules Joffrin
Jussieu,,4/26/1931 0:00:00,48.846052,2.355738,Jussieu
Kléber,,10/2/1900 0:00:00,48.871138,2.293118,Kléber
La Chapelle,,1/31/1903 0:00:00,48.88441111,2.360287607,La Chapelle
La Courneuve - 8 Mai 1945,,5/6/1987 0:00:00,48.920777,2.410668,La Courneuve - 8 Mai 1945
Grande Arche de la Défense,1/1/1997 0:00:00,4/1/1992 0:00:00,48.89193447,2.237882798,La Défense
La Défense,,1/1/1997 0:00:00,48.89193447,2.237882798,La Défense
La Fourche,,2/26/1911 0:00:00,48.8869,2.325875,La Fourche
La Motte-Picquet,1er novembre 1913,04/24/1906 0:00:00,48.84914273,2.298089862,La Motte-Picquet - Grenelle
La Motte-Picquet - Grenelle,,1er novembre 1913,48.84914273,2.298089862,La Motte-Picquet - Grenelle
La Muette,,11/8/1922 0:00:00,48.85771818,2.273719311,La Muette
La Tour-Maubourg,,7/13/1913 0:00:00,48.857667,2.310398519,La Tour-Maubourg
Lamarck - Caulaincourt,,10/31/1912 0:00:00,48.889849,2.338693,Lamarck - Caulaincourt
Laumière,,10/12/1942 0:00:00,48.885006,2.378524,Laumière
Le Kremlin-Bicêtre,,12/10/1982 0:00:00,48.810388,2.361849,Le Kremlin-Bicêtre
Le Peletier,,6/6/1911 0:00:00,48.87472003,2.339548767,Le Peletier
Ledru-Rollin,,5/5/1931 0:00:00,48.851346,2.376121,Ledru-Rollin
Les Agnettes,,6/14/2008 0:00:00,48.92303856,2.285891175,Les Agnettes
Les Courtilles,,6/14/2008 0:00:00,48.93060576,2.283788323,Les Courtilles
Les Gobelins,,2/15/1930 0:00:00,48.8364,2.35225,Les Gobelins
Les Halles,,4/27/1908 0:00:00,48.862396,2.345972,Les Halles
Les Sablons,,4/29/1937 0:00:00,48.8809018,2.272539085,Les Sablons
Liberté,,10/5/1942 0:00:00,48.825882,2.407022,Liberté
Berlin,1/8/1914 0:00:00,2/26/1911 0:00:00,48.879626,2.326983,Liège
Liège,,1/8/1914 0:00:00,48.879626,2.326983,Liège
Louis Blanc,,11/5/1910 0:00:00,48.88113745,2.364839315,Louis Blanc
Vallier,1er mai 1946,9/24/1937 0:00:00,48.888836,2.288002,Louise Michel
Louise Michel,,1er mai 1946,48.888836,2.288002,Louise Michel
Lourmel,,7/27/1937 0:00:00,48.8386045,2.2818169,Lourmel
Louvre,29 mars 1989,8/13/1900 0:00:00,48.86108,2.340283,Louvre - Rivoli
Louvre - Rivoli,,29 mars 1989,48.86108,2.340283,Louvre - Rivoli
Mabillon,,3/10/1925 0:00:00,48.85277499,2.335321605,Mabillon
Madeleine,,11/5/1910 0:00:00,48.87006435,2.3251637,Madeleine
Mairie d'Issy,,3/24/1934 0:00:00,48.824152,2.273434,Mairie d'Issy
Mairie d'Ivry,,5/1/1946 0:00:00,48.81112408,2.383386791,Mairie d'Ivry
Mairie de Clichy,,5/3/1980 0:00:00,48.90395865,2.305342555,Mairie de Clichy
Mairie de Montreuil,,10/14/1937 0:00:00,48.862283,2.441847,Mairie de Montreuil
Mairie de Montrouge,,3/23/2013 0:00:00,48.81806483,2.31953674,Mairie de Montrouge
Mairie de Saint-Ouen,,6/30/1952 0:00:00,48.91161864,2.333752513,Mairie de Saint-Ouen
Mairie des Lilas,,2/17/1937 0:00:00,48.87978806,2.416289449,Mairie des Lilas
Maison Blanche,,3/7/1930 0:00:00,48.822155,2.358531,Maison Blanche
Maisons-Alfort - Les Juilliottes,,4/27/1972 0:00:00,48.802567,2.446432,Maisons-Alfort - Les Juilliottes
Maisons-Alfort - Stade,,9/19/1970 0:00:00,48.80868116,2.436073422,Maisons-Alfort - Stade
Malakoff - Plateau de Vanves,,11/9/1976 0:00:00,48.822623,2.298511,Malakoff - Plateau de Vanves
Malakoff - Rue Étienne-Dolet,,11/9/1976 0:00:00,48.81470258,2.297301292,Malakoff - Rue Étienne-Dolet
Malesherbes,,5/23/1910 0:00:00,48.882476,2.311002,Malesherbes
Maraîchers,,12/10/1933 0:00:00,48.85285088,2.40699023,Maraîchers
Marcadet - Poissonniers,,4/21/1908 0:00:00,48.89036876,2.350028157,Marcadet - Poissonniers
Marcel Sembat,,2/3/1934 0:00:00,48.83367001,2.243579328,Marcel Sembat
Martin Nadaud,8/23/1969 0:00:00,1/25/1905 0:00:00,48.86489827,2.398120165,Martin Nadaud
Torcy,11 mai 1946,8/23/1916 0:00:00,48.890483,2.359968,Marx Dormoy
Marx Dormoy,,11 mai 1946,48.890483,2.359968,Marx Dormoy
Maubert - Mutualité,,2/15/1930 0:00:00,48.8501929,2.347936034,Maubert - Mutualité
Ménilmontant,,1/31/1903 0:00:00,48.866248,2.383618,Ménilmontant
Michel Bizot,,5/5/1931 0:00:00,48.83748523,2.40123421,Michel Bizot
Michel-Ange - Auteuil,,9/30/1913 0:00:00,48.84777129,2.263870239,Michel-Ange - Auteuil
Michel-Ange - Molitor,,9/30/1913 0:00:00,48.84496,2.261194,Michel-Ange - Molitor
Mirabeau,,9/30/1913 0:00:00,48.84673872,2.271707654,Mirabeau
Miromesnil,,5/27/1923 0:00:00,48.87366684,2.314464748,Miromesnil
Monceau,,10/7/1902 0:00:00,48.880319,2.308603,Monceau
Montgallet,,5/5/1931 0:00:00,48.84427635,2.389974296,Montgallet
Montparnasse - Bienvenüe,,04/24/1906 0:00:00,48.843466,2.323072,Montparnasse - Bienvenüe
Mouton-Duvernet,,10/30/1909 0:00:00,48.8314,2.3299,Mouton-Duvernet
Nation,,7/19/1900 0:00:00,48.84846575,2.395905745,Nation
Nationale,,3/1/1909 0:00:00,48.83318272,2.362717688,Nationale
Notre-Dame-de-Lorette,,11/5/1910 0:00:00,48.876084,2.338586,Notre-Dame-de-Lorette
Notre-Dame-des-Champs,,11/5/1910 0:00:00,48.84456761,2.328787744,Notre-Dame-des-Champs
Oberkampf,,1/15/1907 0:00:00,48.864545,2.368877,Oberkampf
Odéon,,1/9/1910 0:00:00,48.852066,2.338951,Odéon
Olympiades,,6/26/2007 0:00:00,48.82702,2.366403,Olympiades
Opéra,,10/19/1904 0:00:00,48.87063595,2.3323524,Opéra
Ourcq,,10/12/1942 0:00:00,48.88685563,2.385747135,Ourcq
Palais Royal,29 mars 1989,7/19/1900 0:00:00,48.86284682,2.335816612,Palais Royal - Musée du Louvre
Palais-Royal - Musée du Louvre,,29 mars 1989,48.86284682,2.335816612,Palais-Royal - Musée du Louvre
Parmentier,,10/19/1904 0:00:00,48.865299,2.374381,Parmentier
Passy,,04/24/1906 0:00:00,48.857445,2.285779,Passy
Pasteur,,04/24/1906 0:00:00,48.84283594,2.312681079,Pasteur
Pelleport,,11/27/1921 0:00:00,48.86867053,2.401751876,Pelleport
Père Lachaise,,2/25/1903 0:00:00,48.862921,2.387388,Père Lachaise
Pereire,,5/23/1910 0:00:00,48.884648,2.299211,Pereire
Pernety,,1/21/1937 0:00:00,48.83421027,2.318512201,Pernety
Philippe Auguste,,1/31/1903 0:00:00,48.858021,2.390938,Philippe Auguste
Saint-Mandé,1er mars 1937,3/1/1909 0:00:00,48.84515011,2.40049392,Picpus
Picpus,,1er mars 1937,48.84515011,2.40049392,Picpus
Pierre Curie,8 mars 2007,5/1/1946 0:00:00,48.81591773,2.377893627,Pierre et Marie Curie
Pierre et Marie Curie,,8 mars 2007,48.81591773,2.377893627,Pierre et Marie Curie
Pigalle,,10/7/1902 0:00:00,48.882255,2.337573,Pigalle
Place d'Italie,,6/2/1906 0:00:00,48.831483,2.355692,Place d'Italie
Place de Clichy,,10/26/1902 0:00:00,48.883809,2.327625,Place de Clichy
Place des Fêtes,,2/13/1912 0:00:00,48.87684044,2.392959595,Place des Fêtes
Place Monge,,2/15/1930 0:00:00,48.84359,2.352279,Place Monge
Plaisance,,1/21/1937 0:00:00,48.83155306,2.313740551,Plaisance
Pointe du Lac,,10/8/2011 0:00:00,48.76878622,2.46481061,Pointe du Lac
Poissonnière,,11/5/1910 0:00:00,48.87707506,2.348445654,Poissonnière
Pont de Levallois - Bécon,,9/24/1937 0:00:00,48.897313,2.280787,Pont de Levallois - Bécon
Pont de Neuilly,,4/29/1937 0:00:00,48.88450938,2.259891725,Pont de Neuilly
Pont de Sèvres,,2/3/1934 0:00:00,48.82974679,2.231034636,Pont de Sèvres
Pont Marie,,4/16/1926 0:00:00,48.8532868,2.357616127,Pont Marie
Pont-Neuf,1er décembre 1990,4/16/1926 0:00:00,48.85867641,2.341488004,Pont-Neuf
Pont-Neuf,,1er décembre 1990,48.85867641,2.341488004,Pont-Neuf - La Monnaie
Porte d'Auteuil,,9/30/1913 0:00:00,48.848025,2.25875,Porte d'Auteuil
Porte d'Italie,,3/7/1930 0:00:00,48.819196,2.360805,Porte d'Italie
Porte d'Ivry,,4/26/1931 0:00:00,48.82095992,2.370439768,Porte d'Ivry
Porte d'Orléans,,10/30/1909 0:00:00,48.82319,2.325363,Porte d'Orléans
Porte Dauphine,,12/13/1900 0:00:00,48.871545,2.276768,Porte Dauphine
Porte de Bagnolet,,4/2/1971 0:00:00,48.864565,2.407278,Porte de Bagnolet
Porte de Champerret,,2/11/1911 0:00:00,48.885851,2.293487,Porte de Champerret
Porte de Charenton,,5/5/1931 0:00:00,48.83278016,2.400400043,Porte de Charenton
Porte de Choisy,,3/7/1930 0:00:00,48.82031533,2.365292609,Porte de Choisy
Porte de Clichy,,1/20/1912 0:00:00,48.89434542,2.313652039,Porte de Clichy
Porte de Clignancourt,,4/21/1908 0:00:00,48.89728706,2.344778877,Porte de Clignancourt
Porte de la Chapelle,,8/23/1916 0:00:00,48.89727437,2.359190583,Porte de la Chapelle
Porte de la Villette,,11/5/1910 0:00:00,48.89708922,2.385875881,Porte de la Villette
Porte de Montreuil,,12/10/1933 0:00:00,48.85379155,2.412244678,Porte de Montreuil
Porte de Pantin,,10/12/1942 0:00:00,48.88847113,2.391814291,Porte de Pantin
Porte de Saint-Cloud,,9/29/1923 0:00:00,48.838082,2.256956,Porte de Saint-Cloud
Porte de Saint-Ouen,,2/26/1911 0:00:00,48.89677359,2.32870996,Porte de Saint-Ouen
Porte de Vanves,,1/21/1937 0:00:00,48.82794045,2.305884361,Porte de Vanves
Porte de Versailles,,11/5/1910 0:00:00,48.832328,2.287841,Porte de Versailles
Porte de Vincenne,,7/19/1900 0:00:00,48.84726571,2.408883525,Porte de Vincenne
Porte des Lilas,,11/27/1921 0:00:00,48.877183,2.406655,Porte des Lilas
Porte Dorée,,5/5/1931 0:00:00,48.83548144,2.406099737,Porte Dorée
Porte Maillot,,7/19/1900 0:00:00,48.8779645,2.281836173,Porte Maillot
Pré-Saint-Gervais,,1/18/1911 0:00:00,48.8802502,2.398914099,Pré-Saint-Gervais
Pyramides,,7/1/1916 0:00:00,48.8669463,2.333665066,Pyramides
Pyrénées,,4/28/1935 0:00:00,48.87387501,2.385258973,Pyrénées
Quai de la Gare,,1er juin 1916,48.837069,2.372773,Quai de la Gare
Quai de la Rapée,,7/13/1906 0:00:00,48.84653927,2.365826368,Quai de la Rapée
Place Mazas,15 octobre 1907,7/13/1906 0:00:00,48.84653927,2.365826368,Quai de la Rapée
Pont d'Austerlitz,1er juin 1916,15 octobre 1907,48.84653927,2.365826368,Quai de la Rapée
Quatre-Septembre,,11/3/1904 0:00:00,48.869574,2.336633,Quatre-Septembre
Rambuteau,,4/28/1935 0:00:00,48.861951,2.353905,Rambuteau
Ranelagh,,11/8/1922 0:00:00,48.85501987,2.269634306,Ranelagh
Raspail,,04/24/1906 0:00:00,48.83919413,2.330606282,Raspail
Rue Saint-Denis,15 octobre 1907,11/19/1904 0:00:00,48.86624629,2.352388501,Réaumur - Sébastopol
Réaumur - Sébastopol,,15 octobre 1907,48.86624629,2.352388501,Réaumur - Sébastopol
Rennes,,11/5/1910 0:00:00,48.84819314,2.32776314,Rennes
République,,10/19/1904 0:00:00,48.867503,2.363811,République
Reuilly,5 mai 1931,8/20/1900 0:00:00,48.847265,2.386702,Reuilly - Diderot
Reuilly - Diderot,,5 mai 1931,48.847265,2.386702,Reuilly - Diderot
Richard-Lenoir,,12/17/1906 0:00:00,48.859772,2.371843,Richard-Lenoir
Richelieu - Drouot,,6/30/1928 0:00:00,48.87198735,2.338741422,Richelieu - Drouot
Riquet,,11/5/1910 0:00:00,48.88788032,2.373577952,Riquet
Robespierre,,10/14/1937 0:00:00,48.855683,2.423678,Robespierre
Rome,,11/6/1902 0:00:00,48.882425,2.322052,Rome
Rue de la Pompe,,11/8/1922 0:00:00,48.86391193,2.279051542,Rue de la Pompe
Rue des Boulets - Rue de Montreuil,1er septembre 1998,12/10/1933 0:00:00,48.85181135,2.390151322,Rue des Boulets
Rue des Boulets,,1er septembre 1998,48.85181135,2.390151322,Rue des Boulets
Rue du Bac,,11/5/1910 0:00:00,48.85569049,2.325606644,Rue du Bac
Saint-Maur,1er septembre 1998,10/19/1904 0:00:00,48.864335,2.379448,Rue Saint-Maur
Rue Saint-Maur,,1er septembre 1998,48.864335,2.379448,Rue Saint-Maur
Saint-Ambroise,,12/10/1933 0:00:00,48.86129512,2.374210954,Saint-Ambroise
Saint-Augustin,,5/27/1923 0:00:00,48.8744413,2.322133183,Saint-Augustin
Saint-Denis - Porte de Paris,,6/20/1976 0:00:00,48.93021104,2.357769012,Saint-Denis - Porte de Paris
Saint-Denis - Université,,5/25/1998 0:00:00,48.945799,2.363674,Saint-Denis - Université
Saint-Fargeau,,11/27/1921 0:00:00,48.87208261,2.404519916,Saint-Fargeau
Saint-François-Xavier,,12/30/1923 0:00:00,48.85195078,2.314475477,Saint-François-Xavier
Saint-Georges,,4/8/1911 0:00:00,48.87844922,2.337381542,Saint-Georges
Saint-Germain-des-Prés,,1/9/1910 0:00:00,48.8537739,2.333280444,Saint-Germain-des-Prés
Saint-Jacques,,04/24/1906 0:00:00,48.83291258,2.337081134,Saint-Jacques
Saint-Lazare,,10/19/1904 0:00:00,48.87557787,2.326185659,Saint-Lazare
Tourelle,26 avril 1937,3/24/1934 0:00:00,48.84629776,2.418673101,Saint-Mandé
Saint-Mandé - Tourelle,,16 juillet 2002,48.84629776,2.418673101,Saint-Mandé
Saint-Mandé,16 juillet 2002,26 avril 1937,48.84629776,2.418673101,Saint-Mandé
Saint-Marcel,,6/2/1906 0:00:00,48.83798838,2.360416353,Saint-Marcel
Saint-Martin,9/2/1939 0:00:00,5/5/1931 0:00:00,48.86844,2.358661,Saint-Martin
Saint-Michel,,7/9/1910 0:00:00,48.85365036,2.343928814,Saint-Michel
Saint-Paul,,8/6/1900 0:00:00,48.8551436,2.360653354,Saint-Paul
Saint-Philippe du Roule,,5/27/1923 0:00:00,48.87194148,2.310036421,Saint-Philippe du Roule
Vaugirard,15 novembre 1913,1/9/1910 0:00:00,48.84684463,2.32691288,Saint-Placide
Saint-Placide,,15 novembre 1913,48.84684463,2.32691288,Saint-Placide
Saint-Sébastien,12 janvier 1932,5/5/1931 0:00:00,48.86047987,2.36735791,Saint-Sébastien - Froissart
Saint-Sébastien - Froissart,,12 janvier 1932,48.86047987,2.36735791,Saint-Sébastien - Froissart
Saint-Sulpice,,1/9/1910 0:00:00,48.85090947,2.330651879,Saint-Sulpice
Ségur,,9/29/1937 0:00:00,48.84743417,2.306852639,Ségur
Sentier,,11/20/1904 0:00:00,48.867569,2.346387,Sentier
Sèvres - Croix-Rouge,30 décembre 1923,11/5/1910 0:00:00,48.85150955,2.326655388,Sèvres - Babylone
Sèvres - Babylone,,30 décembre 1923,48.85150955,2.326655388,Sèvres - Babylone
Rue de Sèvres,1er novembre 1913,15 octobre 1907,48.84563376,2.309475839,Sèvres - Lecourbe
Avenue de Suffren,15 octobre 1907,24 avril 1906,48.84563376,2.309475839,Sèvres - Lecourbe
Simplon,,4/21/1908 0:00:00,48.89463269,2.347091065,Simplon
Solférino,,11/5/1910 0:00:00,48.85824935,2.323224843,Solférino
Aubervilliers - Boulevard de la Villette,10 février 1946,1/31/1903 0:00:00,48.88426295,2.365823686,Stalingrad
Stalingrad,,10 février 1946,48.88426295,2.365823686,Stalingrad
Boulevard Saint-Denis,5 mai 1931,4/21/1908 0:00:00,48.8695915,2.354008555,Strasbourg - Saint-Denis
Strasbourg - Saint-Denis,,5 mai 1931,48.8695915,2.354008555,Strasbourg - Saint-Denis
Sully - Morland,,6/3/1930 0:00:00,48.85142483,2.36189425,Sully - Morland
Télégraphe,,4/28/1935 0:00:00,48.87546271,2.398433983,Télégraphe
Temple,,10/19/1904 0:00:00,48.866488,2.360595,Temple
Ternes,,10/7/1902 0:00:00,48.878178,2.298671,Ternes
Tolbiac,,3/7/1930 0:00:00,48.826665,2.357678,Tolbiac
Trinité - d'Estienne d'Orves,,11/5/1910 0:00:00,48.87630241,2.333197296,Trinité - d'Estienne d'Orves
Trocadéro,,10/2/1900 0:00:00,48.86330141,2.287060618,Trocadéro
Tuileries,,7/19/1900 0:00:00,48.8644971,2.33031418,Tuileries
Vaneau,,12/30/1923 0:00:00,48.848811,2.321205,Vaneau
Varenne,,12/30/1923 0:00:00,48.85623757,2.314920723,Varenne
Vaugirard,,11/5/1910 0:00:00,48.839649,2.301491,Vaugirard
Vavin,,1/9/1910 0:00:00,48.84223223,2.328948677,Vavin
Victor Hugo,,12/13/1900 0:00:00,48.869817,2.285199,Victor Hugo
Villejuif - Léo Lagrange,,2/28/1985 0:00:00,48.80376846,2.363927364,Villejuif - Léo Lagrange
Villejuif - Louis Aragon,,2/28/1985 0:00:00,48.78717548,2.36756444,Villejuif - Louis Aragon
Villejuif - Paul Vaillant-Couturier,,2/28/1985 0:00:00,48.79599124,2.368248403,Villejuif - Paul Vaillant-Couturier
Villiers,,1/21/1903 0:00:00,48.88113039,2.314867079,Villiers
Volontaires,,11/5/1910 0:00:00,48.84134253,2.307504416,Volontaires
Voltaire,,12/10/1933 0:00:00,48.85780289,2.380106449,Voltaire
Wagram,,5/23/1910 0:00:00,48.884057,2.303668,Wagram