Nom,end_date,start_date,latitude,longitude,Nom de référence,Note
Abbesses,,1913-01-30,48.88441765,2.338712812,Abbesses,
Alésia,,1909-10-30,48.82839851,2.326745674,Alésia,
Bagnolet,1970-09-13,1903-01-31,48.85617445,2.394989816,Alexandre Dumas,
Alexandre Dumas,,1970-09-13,48.85617445,2.394989816,Alexandre Dumas,Renommé
Alma - Marceau,,1923-05-27,48.864904,2.300234,Alma - Marceau,
Anatole France,,1937-09-24,48.892022,2.285536,Anatole France,
Anvers,,1902-10-07,48.88300713,2.344848812,Anvers,
Obligado,1948-05-25,1900-09-01,48.87553309,2.289321664,Argentine,
Argentine,,1948-05-25,48.87553309,2.289321664,Argentine,
Arsenal,1939-09-03,1906-12-17,48.849042,2.366642,Arsenal,Fermée au début de la guerre
Arts et Métiers,,1904-10-19,48.8655,2.3561,Arts et Métiers,
Chambre des Députés,1989-06-30,1910-11-05,48.86065457,2.321130037,Assemblée nationale,
Assemblée nationale,,1989-06-30,48.86065457,2.321130037,Assemblée nationale,Renommé
Aubervilliers - Pantin - Quatre Chemins,,1979-10-04,48.90389694,2.392495573,Aubervilliers - Pantin - Quatre Chemins,
Commerce,1937-03-01,1913-07-13,48.84697701,2.294511795,Avenue Émile-Zola,
Avenue Émile-Zola,,1937-03-01,48.84697701,2.294511795,Avenue Émile-Zola,Renommé
Avron,,1903-04-02,48.85194019,2.397862673,Avron,
Balard,,1937-07-27,48.83627546,2.278218327,Balard,
Boulevard Barbès,1907-10-15,1903-01-31,48.88364,2.350516,Barbès - Rochechouart,
Barbès - Rochechouart,,1907-10-15,48.88364,2.350516,Barbès - Rochechouart,Renommé
Saint-Denis - Basilique,1998-05-25,1976-06-20,48.93809957,2.360845506,Basilique de Saint-Denis,
Basilique de Saint-Denis,,1998-05-25,48.93809957,2.360845506,Basilique de Saint-Denis,
Bastille,,1900-07-19,48.853082,2.369077,Bastille,
Bel-Air,1939-09-03,1909-03-01,48.8413443,2.400912344,Bel-Air,Fermée au début de la guerre
Bel-Air,,1963-01-07,48.8413443,2.400912344,Bel-Air,
Belleville,,1903-01-31,48.87208261,2.376946807,Belleville,
Bérault,,1934-03-24,48.84533424,2.429238498,Bérault,
Bercy,,1909-03-01,48.84042809,2.379582969,Bercy,
Bibliothèque François-Mitterrand,,1998-10-15,48.82960597,2.376092612,Bibliothèque François-Mitterrand,
Billancourt,,1934-02-03,48.83208981,2.238177359,Billancourt,
Grenelle,1949-06-18,1906-04-24,48.853917,2.289332,Bir-Hakeim,
Bir-Hakeim,,1949-06-18,48.853917,2.289332,Bir-Hakeim,Renommé
Blanche,,1902-10-21,48.883459,2.333703,Blanche,
Bobigny - Pablo Picasso,,1985-04-25,48.906538,2.449994,Bobigny - Pablo Picasso,
Bobigny - Pantin - Raymond Queneau,,1985-04-25,48.89540875,2.424928844,Bobigny - Pantin - Raymond Queneau,
Boissière,,1900-10-02,48.86738609,2.290391922,Boissière,
Bolivar,,1911-01-18,48.88050244,2.374921739,Bolivar,
Bonne-Nouvelle,,1931-05-05,48.87063948,2.348874807,Bonne-Nouvelle,
Botzaris,,1911-01-18,48.87955169,2.388040423,Botzaris,
Boucicaut,,1937-07-27,48.841101,2.287817,Boucicaut,
Boulogne - Jean Jaurès,,1980-10-03,48.84227813,2.238877416,Boulogne - Jean Jaurès,
Boulogne - Pont de Saint-Cloud,,1981-10-02,48.840684,2.228331,Boulogne - Pont de Saint-Cloud,
Bourse,,1904-10-19,48.86873757,2.341369987,Bourse,
Bréguet - Sabin,,1906-12-31,48.85613345,2.370093763,Bréguet - Sabin,
Brochant,,1912-01-20,48.8908555,2.31970042,Brochant,
Buttes Chaumont,,1912-02-13,48.87850037,2.381772101,Buttes Chaumont,
Buzenval,,1933-12-10,48.851976,2.402045,Buzenval,
Cadet,,1910-11-05,48.87613482,2.344875634,Cadet,
Cambronne,,1906-04-24,48.84753654,2.302936614,Cambronne,
Campo-Formio,,1906-06-06,48.83502241,2.358128428,Campo-Formio,
Cardinal Lemoine,,1931-04-26,48.8471394,2.351202965,Cardinal Lemoine,
Carrefour Pleyel,,1952-06-30,48.91994192,2.343926132,Carrefour Pleyel,
Censier - Daubenton,,1930-02-15,48.840597,2.351774,Censier - Daubenton,
Champs de Mars,1939-09-03,1913-07-13,48.85185547,2.301879823,Champs de Mars,Fermée au début de la guerre
Champs-Élysées,1931-05-20,1900-07-19,48.86741142,2.31395945,Champs-Élysées - Clemenceau,
Champs-Élysées - Clemenceau,,1931-05-20,48.86741142,2.31395945,Champs-Élysées - Clemenceau,Renommé
Chardon-Lagache,,1913-09-30,48.84513775,2.26621449,Chardon-Lagache,
Charenton - Écoles,,1942-10-05,48.82148972,2.41386205,Charenton - Écoles,
Étoile,1970-11-13,1900-09-01,48.8744076,2.295762685,Charles de Gaulle - Étoile,
Charles de Gaulle - Étoile,,1970-11-13,48.8744076,2.295762685,Charles de Gaulle - Étoile,Renommé
Beaugrenelle,1945-07-14,1913-07-13,48.846591,2.286942,Charles Michels,
Charles Michels,,1945-07-14,48.846591,2.286942,Charles Michels,
Charonne,,1933-12-10,48.85510281,2.384639382,Charonne,
Château d'Eau,,1908-04-21,48.8729012,2.356148958,Château d'Eau,
Château de Vincennes,,1934-03-24,48.84453631,2.439509705,Château de Vincennes,
Château Rouge,,1908-04-21,48.88673,2.349552,Château Rouge,
Château-Landon,,1910-11-05,48.87845627,2.362071276,Château-Landon,
Châtelet,,1900-08-06,48.85851952,2.347119401,Châtelet,
Pont Notre-Dame,1926-11-01,1926-04-16,48.856725,2.348899,Pont Notre-Dame,
Pont Notre-Dame - Pont au Change,1934-04-15,1926-11-01,48.856725,2.348899,Pont Notre-Dame,
Châtelet,,1934-04-15,48.856725,2.348899,Pont Notre-Dame,
Châtillon - Montrouge,,1976-11-09,48.81053942,2.301826179,Châtillon - Montrouge,
Chaussée d'Antin - La Fayette,,1910-11-05,48.87307232,2.333932221,Chaussée d'Antin - La Fayette,
Chemin Vert,,1931-05-05,48.85677758,2.368347645,Chemin Vert,
Chevaleret,,1909-03-01,48.83493767,2.368082106,Chevaleret,
Cité,,1910-12-10,48.85510059,2.346720374,Cité,
Cluny,1939-09-03,1930-02-15,48.85105028,2.344273345,Cluny - La Sorbonne,Fermée au début de la guerre
Cluny - La Sorbonne,,1988-02-17,48.85105028,2.344273345,Cluny - La Sorbonne,Renommé
Combat,1945-08-19,1903-01-31,48.877136,2.37116,Colonel Fabien,
Colonel Fabien,,1945-08-19,48.877136,2.37116,Colonel Fabien,Renommé
Commerce,,1937-07-27,48.845093,2.294215,Commerce,
Concorde,,1900-08-13,48.866176,2.322397,Concorde,
Convention,,1910-11-05,48.837419,2.296795,Convention,
Pont de Flandres,1946-02-10,1910-11-05,48.89473,2.382307,Corentin Cariou,
Corentin Cariou,,1946-02-10,48.89473,2.382307,Corentin Cariou,Renommé
Petits Ménages,1945-10-15,1934-03-24,48.826833,2.278985,Corentin Celton,
Corentin Celton,,1945-10-15,48.826833,2.278985,Corentin Celton,Renommé
Corvisart,,1906-04-24,48.82980683,2.350508273,Corvisart,
Cour Saint-Émilion,,1998-10-15,48.83333856,2.386632402,Cour Saint-Émilion,
Courcelles,,1902-10-07,48.879401,2.304339,Courcelles,
Couronnes,,1903-01-31,48.869521,2.379861,Couronnes,
Créteil - L'Échat,,1973-09-24,48.79596297,2.449355721,Créteil - L'Échat,
Créteil - Préfecture,,1974-09-10,48.77977215,2.459317446,Créteil - Préfecture,
Créteil - Université,,1974-09-10,48.78975375,2.450785339,Créteil - Université,
Crimée,,1910-11-05,48.89142,2.377377,Crimée,
Croix de Chavaux,,1937-10-14,48.858055,2.435764,Croix de Chavaux,
Croix-Rouge,1939-09-03,1923-12-30,48.8518943,2.329503894,Croix-Rouge,Fermée au début de la guerre
Danube,,1911-01-18,48.88180772,2.394201458,Danube,
Daumesnil,,1909-03-01,48.8396443,2.395792007,Daumesnil,
Denfert-Rochereau,,1906-04-24,48.8339013,2.332727909,Denfert-Rochereau,
Charenton,1939-07-12,1909-03-01,48.83904937,2.389963567,Dugommier,
Dugommier,,1939-07-12,48.83904937,2.389963567,Dugommier,
Dupleix,,1906-04-24,48.85039234,2.293610573,Dupleix,
Duroc,,1923-12-30,48.84682874,2.316479087,Duroc,
École Militaire,,1913-07-13,48.85510987,2.306737304,École Militaire,
Maisons-Alfort - École Vétérinaire,1996-01-01,1970-09-19,48.81519006,2.421881855,École vétérinaire de Maisons-Alfort,
École vétérinaire de Maisons-Alfort,,1996-01-01,48.81519006,2.421881855,École vétérinaire de Maisons-Alfort,Renommé
Edgar Quinet,,1906-04-24,48.84104773,2.325083613,Edgar Quinet,
Wilhem,1921-05-15,1913-09-30,48.8471694,2.269020081,Église d'Auteuil,
Église d'Auteuil,,1921-05-15,48.8471694,2.269020081,Église d'Auteuil,Renommé
Église de Pantin,,1942-10-12,48.89362771,2.412917912,Église de Pantin,
Esplanade de La Défense,,1992-04-01,48.88784312,2.250442325,Esplanade de La Défense,
Étienne Marcel,,1908-04-21,48.86411131,2.350607514,Étienne Marcel,
Europe,,1904-10-19,48.878821,2.32238,Europe,
Exelmans,,1922-11-08,48.84240522,2.259549201,Exelmans,
Faidherbe - Chaligny,,1931-05-05,48.8501576,2.38339752,Faidherbe - Chaligny,
Falguière,,1910-11-05,48.84449,2.317954,Falguière,
Félix Faure,,1937-07-27,48.842351,2.291004,Félix Faure,
Filles du Calvaire,,1931-05-05,48.86407249,2.366121411,Filles du Calvaire,
Fort d'Aubervilliers,,1979-10-04,48.91423986,2.40378499,Fort d'Aubervilliers,
Marbeuf,1942-10-06,1900-07-19,48.869712,2.30772,Marbeuf,
Marbeuf - Rond-point des Champs-Élysées,1946-10-30,1942-10-06,48.869712,2.30772,Marbeuf,Fusion
Franklin D. Roosevelt,,1946-10-30,48.869712,2.30772,Marbeuf,Renommé
Rond-point des Champs-Élysées,1942-10-06,1923-05-27,48.868507,2.309191,Rond-point des Champs-Élysées,
Marbeuf - Rond-point des Champs-Élysées,1946-10-30,1942-10-06,48.868507,2.309191,Rond-point des Champs-Élysées,Fusion
Franklin D. Roosevelt,,1946-10-30,48.868507,2.309191,Rond-point des Champs-Élysées,Renommé
Front Populaire,,2012-12-18,48.90689109,2.365793764,Front Populaire,
Gabriel Péri - Asnières - Gennevilliers,2008-06-14,1980-05-03,48.91657541,2.294388413,Gabriel Péri,
Gabriel Péri,,2008-06-14,48.91657541,2.294388413,Gabriel Péri,Renommé
Gaîté,,1937-01-21,48.83865393,2.322637439,Gaîté,
Gallieni,,1971-04-02,48.864936,2.416637,Gallieni,
Gambetta,,1905-01-25,48.864947,2.398451,Gambetta,
Gare d'Orléans,1930-10-15,1906-06-02,48.84262588,2.364970744,Gare d'Austerlitz,
Gare d'Orléans - Austerlitz,1985-04-25,1930-10-15,48.84262588,2.364970744,Gare d'Austerlitz,Renommé
Gare d'Austerlitz,,1985-04-25,48.84262588,2.364970744,Gare d'Austerlitz,Renommé
Gare de l'Est,1953-06-21,1907-11-15,48.87614188,2.358278632,Gare de l'Est,
Gare de l'Est - Verdun,,1953-06-21,48.87614188,2.358278632,Gare de l'Est,Renommé
Gare de Lyon,,1900-07-19,48.84470455,2.374065908,Gare de Lyon,
Gare du Nord,,1907-11-15,48.88057476,2.354931235,Gare du Nord,
Garibaldi,,1952-06-30,48.90639693,2.331907153,Garibaldi,
Alma,1920-05-27,1900-08-13,48.87198257,2.300462683,George V,
George V,,1920-05-27,48.87198257,2.300462683,George V,Renommé
Glacière,,1906-04-24,48.8311505,2.343384326,Glacière,
Goncourt,,1935-04-28,48.86983144,2.370686531,Goncourt,
Rue Montmartre,1998-09-01,1931-05-05,48.87142633,2.344341874,Grands Boulevards,
Grands Boulevards,,1998-09-01,48.87142633,2.344341874,Grands Boulevards,Renommé
Marcadet,1912-01-01,1911-02-26,48.892221,2.327174,Guy Môquet,
Marcadet - Balagny,1946-01-27,1912-01-01,48.892221,2.327174,Guy Môquet,Renommé
Guy Môquet,,1946-01-27,48.892221,2.327174,Guy Môquet,Renommé
Caumartin,1926-01-01,1904-10-19,48.873608,2.328325,Havre - Caumartin,
Havre - Caumartin,,1926-01-01,48.873608,2.328325,Havre - Caumartin,Renommé
Hoche,,1942-10-12,48.89149389,2.403143942,Hoche,
Hôtel de Ville,,1900-07-19,48.85676953,2.35149454,Hôtel de Ville,
Iéna,,1923-05-27,48.86446597,2.293379903,Iéna,
Invalides,,1913-12-24,48.860907,2.314457,Invalides,
Lancry,1946-02-10,1906-12-17,48.8712005,2.36060679,Jacques Bonsergent,
Jacques Bonsergent,,1946-02-10,48.8712005,2.36060679,Jacques Bonsergent,Renommé
Jasmin,,1922-11-08,48.85189783,2.267856002,Jasmin,
Rue d'Allemagne,1914-08-01,1903-02-23,48.88179008,2.370198369,Jaurès,
Jaurès,,1914-08-01,48.88179008,2.370198369,Jaurès,Renommé
Javel - André Citroën,,1913-09-30,48.84616506,2.278716266,Javel - André Citroën,
Jourdain,,1935-04-28,48.87519986,2.389507592,Jourdain,
Jules Joffrin,,1912-10-31,48.89243737,2.344781756,Jules Joffrin,
Jussieu,,1931-04-26,48.846052,2.355738,Jussieu,
Kléber,,1900-10-02,48.871138,2.293118,Kléber,
La Chapelle,,1903-01-31,48.88441111,2.360287607,La Chapelle,
La Courneuve - 8 Mai 1945,,1987-05-06,48.920777,2.410668,La Courneuve - 8 Mai 1945,
Grande Arche de la Défense,1997-01-01,1992-04-01,48.89193447,2.237882798,La Défense,
La Défense,,1997-01-01,48.89193447,2.237882798,La Défense,Renommé
La Fourche,,1911-02-26,48.8869,2.325875,La Fourche,
La Motte-Picquet,1913-11-01,1906-04-24,48.84914273,2.298089862,La Motte-Picquet - Grenelle,
La Motte-Picquet - Grenelle,,1913-11-01,48.84914273,2.298089862,La Motte-Picquet - Grenelle,Renommé
La Muette,,1922-11-08,48.85771818,2.273719311,La Muette,
La Tour-Maubourg,,1913-07-13,48.857667,2.310398519,La Tour-Maubourg,
Lamarck - Caulaincourt,,1912-10-31,48.889849,2.338693,Lamarck - Caulaincourt,
Laumière,,1942-10-12,48.885006,2.378524,Laumière,
Le Kremlin-Bicêtre,,1982-12-10,48.810388,2.361849,Le Kremlin-Bicêtre,
Le Peletier,,1911-06-06,48.87472003,2.339548767,Le Peletier,
Ledru-Rollin,,1931-05-05,48.851346,2.376121,Ledru-Rollin,
Les Agnettes,,2008-06-14,48.92303856,2.285891175,Les Agnettes,
Les Courtilles,,2008-06-14,48.93060576,2.283788323,Les Courtilles,
Les Gobelins,,1930-02-15,48.8364,2.35225,Les Gobelins,
Les Halles,1977-10-03,1908-04-27,48.862720, 2.345848,Les Halles,Déplacé - coordonnées d'apres cartometro.com
Les Halles,,1977-10-03,48.862396,2.345972,Les Halles,Déplacé
Les Sablons,,1937-04-29,48.8809018,2.272539085,Les Sablons,
Liberté,,1942-10-05,48.825882,2.407022,Liberté,
Berlin,1914-01-08,1911-02-26,48.879626,2.326983,Liège,
Liège,1939-09-03,1914-01-08,48.879626,2.326983,Liège,Fermée au début de la guerre
Liège,,1968-09-16,48.879626,2.326983,Liège,
Louis Blanc,,1910-11-05,48.88113745,2.364839315,Louis Blanc,
Vallier,1946-05-01,1937-09-24,48.888836,2.288002,Louise Michel,
Louise Michel,,1946-05-01,48.888836,2.288002,Louise Michel,Renommé
Lourmel,,1937-07-27,48.8386045,2.2818169,Lourmel,
Louvre,1989-03-29,1900-08-13,48.86108,2.340283,Louvre - Rivoli,
Louvre - Rivoli,,1989-03-29,48.86108,2.340283,Louvre - Rivoli,Renommé
Mabillon,,1925-03-10,48.85277499,2.335321605,Mabillon,
Madeleine,,1910-11-05,48.87006435,2.3251637,Madeleine,
Mairie d'Issy,,1934-03-24,48.824152,2.273434,Mairie d'Issy,
Mairie d'Ivry,,1946-05-01,48.81112408,2.383386791,Mairie d'Ivry,
Mairie de Clichy,,1980-05-03,48.90395865,2.305342555,Mairie de Clichy,
Mairie de Montreuil,,1937-10-14,48.862283,2.441847,Mairie de Montreuil,
Mairie de Montrouge,,2013-03-23,48.81806483,2.31953674,Mairie de Montrouge,
Mairie de Saint-Ouen,,1952-06-30,48.91161864,2.333752513,Mairie de Saint-Ouen,
Mairie des Lilas,,1937-02-17,48.87978806,2.416289449,Mairie des Lilas,
Maison Blanche,,1930-03-07,48.822155,2.358531,Maison Blanche,
Maisons-Alfort - Les Juilliottes,,1972-04-27,48.802567,2.446432,Maisons-Alfort - Les Juilliottes,
Maisons-Alfort - Stade,,1970-09-19,48.80868116,2.436073422,Maisons-Alfort - Stade,
Malakoff - Plateau de Vanves,,1976-11-09,48.822623,2.298511,Malakoff - Plateau de Vanves,
Malakoff - Rue Étienne-Dolet,,1976-11-09,48.81470258,2.297301292,Malakoff - Rue Étienne-Dolet,
Malesherbes,,1910-05-23,48.882476,2.311002,Malesherbes,
Maraîchers,,1933-12-10,48.85285088,2.40699023,Maraîchers,
Marcadet,1931-08-25,1908-04-21,48.891195,2.349582,Marcadet,
Marcadet - Poissonniers,,1931-08-25,48.891195,2.349582,Marcadet,
Poissonniers,1931-08-25,1916-08-23,48.891478,2.350319,Poissonniers,
Marcadet - Poissonniers,,1931-08-25,48.891478,2.350319,Poissonniers,
Marcel Sembat,,1934-02-03,48.83367001,2.243579328,Marcel Sembat,
Martin Nadaud,1969-08-23,1905-01-25,48.86489827,2.398120165,Martin Nadaud,
Torcy,1946-05-11,1916-08-23,48.890483,2.359968,Marx Dormoy,
Marx Dormoy,,1946-05-11,48.890483,2.359968,Marx Dormoy,Renommé
Maubert - Mutualité,,1930-02-15,48.8501929,2.347936034,Maubert - Mutualité,
Ménilmontant,,1903-01-31,48.866248,2.383618,Ménilmontant,
Michel Bizot,,1931-05-05,48.83748523,2.40123421,Michel Bizot,
Michel-Ange - Auteuil,,1913-09-30,48.84777129,2.263870239,Michel-Ange - Auteuil,
Michel-Ange - Molitor,,1913-09-30,48.84496,2.261194,Michel-Ange - Molitor,
Mirabeau,,1913-09-30,48.84673872,2.271707654,Mirabeau,
Miromesnil,,1923-05-27,48.87366684,2.314464748,Miromesnil,
Monceau,,1902-10-07,48.880319,2.308603,Monceau,
Montgallet,,1931-05-05,48.84427635,2.389974296,Montgallet,
Avenue du Maine,1933-06-30,1906-04-24,48.84202,2.321668,Avenue du Maine,
Bienvenüe,1937-01-31,1933-06-30,48.84202,2.321668,Avenue du Maine,
Montparnasse - Bienvenüe,,1937-01-31,48.84202,2.321668,Avenue du Maine,
Montparnasse,1937-01-31,1910-04-06,48.843826,2.323934,Montparnasse,
Montparnasse - Bienvenüe,,1937-01-31,48.843826,2.323934,Montparnasse,
Mouton-Duvernet,,1909-10-30,48.8314,2.3299,Mouton-Duvernet,
Nation,,1900-07-19,48.84846575,2.395905745,Nation,
Nationale,,1909-03-01,48.83318272,2.362717688,Nationale,
Notre-Dame-de-Lorette,,1910-11-05,48.876084,2.338586,Notre-Dame-de-Lorette,
Notre-Dame-des-Champs,,1910-11-05,48.84456761,2.328787744,Notre-Dame-des-Champs,
Oberkampf,,1907-01-15,48.864545,2.368877,Oberkampf,
Odéon,,1910-01-09,48.852066,2.338951,Odéon,
Olympiades,,2007-06-26,48.82702,2.366403,Olympiades,
Opéra,,1904-10-19,48.87063595,2.3323524,Opéra,
Ourcq,,1942-10-12,48.88685563,2.385747135,Ourcq,
Palais Royal,1989-03-29,1900-07-19,48.86284682,2.335816612,Palais-Royal - Musée du Louvre,
Palais-Royal - Musée du Louvre,,1989-03-29,48.86284682,2.335816612,Palais-Royal - Musée du Louvre,Renommé
Parmentier,,1904-10-19,48.865299,2.374381,Parmentier,
Passy,,1906-04-24,48.857445,2.285779,Passy,
Pasteur,,1906-04-24,48.84283594,2.312681079,Pasteur,
Pelleport,,1921-11-27,48.86867053,2.401751876,Pelleport,
Père Lachaise,,1903-02-25,48.862921,2.387388,Père Lachaise,
Pereire,,1910-05-23,48.884648,2.299211,Pereire,
Pernety,,1937-01-21,48.83421027,2.318512201,Pernety,
Philippe Auguste,,1903-01-31,48.858021,2.390938,Philippe Auguste,
Saint-Mandé,1937-03-01,1909-03-01,48.84515011,2.40049392,Picpus,
Picpus,,1937-03-01,48.84515011,2.40049392,Picpus,
Pierre Curie,2007-03-08,1946-05-01,48.81591773,2.377893627,Pierre et Marie Curie,
Pierre et Marie Curie,,2007-03-08,48.81591773,2.377893627,Pierre et Marie Curie,Renommé
Pigalle,,1902-10-07,48.882255,2.337573,Pigalle,
Place d'Italie,,1906-04-24,48.831483,2.355692,Place d'Italie,
Place de Clichy,,1902-10-26,48.883809,2.327625,Place de Clichy,
Place des Fêtes,,1912-02-13,48.87684044,2.392959595,Place des Fêtes,
Place Monge,,1930-02-15,48.84359,2.352279,Place Monge,
Plaisance,,1937-01-21,48.83155306,2.313740551,Plaisance,
Pointe du Lac,,2011-10-08,48.76878622,2.46481061,Pointe du Lac,
Poissonnière,,1910-11-05,48.87707506,2.348445654,Poissonnière,
Pont de Levallois - Bécon,,1937-09-24,48.897313,2.280787,Pont de Levallois - Bécon,
Pont de Neuilly,,1937-04-29,48.88450938,2.259891725,Pont de Neuilly,
Pont de Sèvres,,1934-02-03,48.82974679,2.231034636,Pont de Sèvres,
Pont Marie,,1926-04-16,48.8532868,2.357616127,Pont Marie,
Pont-Neuf,1990-12-01,1926-04-16,48.85867641,2.341488004,Pont-Neuf,
Pont-Neuf - La Monnaie,,1990-12-01,48.85867641,2.341488004,Pont-Neuf,
Porte d'Auteuil,,1913-09-30,48.848025,2.25875,Porte d'Auteuil,
Porte d'Italie,,1930-03-07,48.819196,2.360805,Porte d'Italie,
Porte d'Ivry,,1931-04-26,48.82095992,2.370439768,Porte d'Ivry,
Porte d'Orléans,,1909-10-30,48.82319,2.325363,Porte d'Orléans,
Porte Dauphine,,1900-12-13,48.871545,2.276768,Porte Dauphine,
Porte de Bagnolet,,1971-04-02,48.864565,2.407278,Porte de Bagnolet,
Porte de Champerret,,1911-02-11,48.885851,2.293487,Porte de Champerret,
Porte de Charenton,,1931-05-05,48.83278016,2.400400043,Porte de Charenton,
Porte de Choisy,,1930-03-07,48.82031533,2.365292609,Porte de Choisy,
Porte de Clichy,,1912-01-20,48.89434542,2.313652039,Porte de Clichy,
Porte de Clignancourt,,1908-04-21,48.89728706,2.344778877,Porte de Clignancourt,
Porte de la Chapelle,,1916-08-23,48.89727437,2.359190583,Porte de la Chapelle,
Porte de la Villette,,1910-11-05,48.89708922,2.385875881,Porte de la Villette,
Porte de Montreuil,,1933-12-10,48.85379155,2.412244678,Porte de Montreuil,
Porte de Pantin,,1942-10-12,48.88847113,2.391814291,Porte de Pantin,
Porte de Saint-Cloud,,1923-09-29,48.838082,2.256956,Porte de Saint-Cloud,
Porte de Saint-Ouen,,1911-02-26,48.89677359,2.32870996,Porte de Saint-Ouen,
Porte de Vanves,,1937-01-21,48.82794045,2.305884361,Porte de Vanves,
Porte de Versailles,1931-03-27,1910-11-05,48.832639,2.291597,Porte de Versailles,Déplacé - coordonnées d'apres cartometro.com
Porte de Versailles,,1931-03-27,48.832328,2.287841,Porte de Versailles,Déplacé
Porte de Vincenne,,1900-07-19,48.84726571,2.408883525,Porte de Vincenne,
Porte des Lilas,,1921-11-27,48.877183,2.406655,Porte des Lilas,
Porte Dorée,,1931-05-05,48.83548144,2.406099737,Porte Dorée,
Porte Maillot,1937-04-27,1900-07-19,48.877366,2.287167,Porte Maillot,Déplacé - coordonnées d'apres cartometro.com
Porte Maillot,,1937-04-27,48.8779645,2.281836173,Porte Maillot,Déplacé
Pré-Saint-Gervais,,1911-01-18,48.8802502,2.398914099,Pré-Saint-Gervais,
Pyramides,,1916-07-01,48.8669463,2.333665066,Pyramides,
Pyrénées,,1935-04-28,48.87387501,2.385258973,Pyrénées,
Quai de la Gare,,1909-03-01,48.837069,2.372773,Quai de la Gare,
Quai de la Rapée,,1916-06-01,48.84653927,2.365826368,Quai de la Rapée,Renommé
Place Mazas,1907-10-15,1906-07-13,48.84653927,2.365826368,Quai de la Rapée,
Pont d'Austerlitz,1916-06-01,1907-10-15,48.84653927,2.365826368,Quai de la Rapée,Renommé
Quatre-Septembre,,1904-11-03,48.869574,2.336633,Quatre-Septembre,
Rambuteau,,1935-04-28,48.861951,2.353905,Rambuteau,
Ranelagh,,1922-11-08,48.85501987,2.269634306,Ranelagh,
Raspail,,1906-04-24,48.83919413,2.330606282,Raspail,
Rue Saint-Denis,1907-10-15,1904-11-19,48.86624629,2.352388501,Réaumur - Sébastopol,
Réaumur - Sébastopol,,1907-10-15,48.86624629,2.352388501,Réaumur - Sébastopol,Renommé
Rennes,1939-09-03,1910-11-05,48.84819314,2.32776314,Rennes,Fermée au début de la guerre
Rennes,,1968-05-20,48.84819314,2.32776314,Rennes,
République,,1904-10-19,48.867503,2.363811,République,
Reuilly,1931-05-05,1900-08-20,48.847265,2.386702,Reuilly - Diderot,
Reuilly - Diderot,,1931-05-05,48.847265,2.386702,Reuilly - Diderot,Renommé
Richard-Lenoir,,1906-12-17,48.859772,2.371843,Richard-Lenoir,
Richelieu - Drouot,,1928-06-30,48.87198735,2.338741422,Richelieu - Drouot,
Riquet,,1910-11-05,48.88788032,2.373577952,Riquet,
Robespierre,,1937-10-14,48.855683,2.423678,Robespierre,
Rome,,1902-11-06,48.882425,2.322052,Rome,
Rue de la Pompe,,1922-11-08,48.86391193,2.279051542,Rue de la Pompe,
Rue des Boulets - Rue de Montreuil,1998-09-01,1933-12-10,48.85181135,2.390151322,Rue des Boulets,
Rue des Boulets,,1998-09-01,48.85181135,2.390151322,Rue des Boulets,Renommé
Rue du Bac,,1910-11-05,48.85569049,2.325606644,Rue du Bac,
Saint-Maur,1998-09-01,1904-10-19,48.864335,2.379448,Rue Saint-Maur,
Rue Saint-Maur,,1998-09-01,48.864335,2.379448,Rue Saint-Maur,Renommé
Saint-Ambroise,,1933-12-10,48.86129512,2.374210954,Saint-Ambroise,
Saint-Augustin,,1923-05-27,48.8744413,2.322133183,Saint-Augustin,
Saint-Denis - Porte de Paris,,1976-06-20,48.93021104,2.357769012,Saint-Denis - Porte de Paris,
Saint-Denis - Université,,1998-05-25,48.945799,2.363674,Saint-Denis - Université,
Saint-Fargeau,,1921-11-27,48.87208261,2.404519916,Saint-Fargeau,
Saint-François-Xavier,,1923-12-30,48.85195078,2.314475477,Saint-François-Xavier,
Saint-Georges,,1911-04-08,48.87844922,2.337381542,Saint-Georges,
Saint-Germain-des-Prés,,1910-01-09,48.8537739,2.333280444,Saint-Germain-des-Prés,
Saint-Jacques,,1906-04-24,48.83291258,2.337081134,Saint-Jacques,
Saint-Lazare,,1904-10-19,48.87557787,2.326185659,Saint-Lazare,
Tourelle,1937-04-26,1934-03-24,48.84629776,2.418673101,Saint-Mandé,
Saint-Mandé - Tourelle,,2002-07-16,48.84629776,2.418673101,Saint-Mandé,Renommé
Saint-Mandé,2002-07-16,1937-04-26,48.84629776,2.418673101,Saint-Mandé,Renommé
Saint-Marcel,,1906-06-02,48.83798838,2.360416353,Saint-Marcel,
Saint-Martin,1939-09-03,1931-05-05,48.86844,2.358661,Saint-Martin,Fermée au début de la guerre
Saint-Michel,,1910-07-09,48.85365036,2.343928814,Saint-Michel,
Saint-Paul,,1900-08-06,48.8551436,2.360653354,Saint-Paul,
Saint-Philippe du Roule,,1923-05-27,48.87194148,2.310036421,Saint-Philippe du Roule,
Vaugirard,1913-11-15,1910-01-09,48.84684463,2.32691288,Saint-Placide,
Saint-Placide,,1913-11-15,48.84684463,2.32691288,Saint-Placide,
Saint-Sébastien,1932-01-12,1931-05-05,48.86047987,2.36735791,Saint-Sébastien - Froissart,
Saint-Sébastien - Froissart,,1932-01-12,48.86047987,2.36735791,Saint-Sébastien - Froissart,
Saint-Sulpice,,1910-01-09,48.85090947,2.330651879,Saint-Sulpice,
Ségur,,1937-09-29,48.84743417,2.306852639,Ségur,
Sentier,,1904-11-20,48.867569,2.346387,Sentier,
Sèvres - Croix-Rouge,1923-12-30,1910-11-05,48.85150955,2.326655388,Sèvres - Babylone,
Sèvres - Babylone,,1923-12-30,48.85150955,2.326655388,Sèvres - Babylone,Renommé
Sèvres - Lecourbe,,1913-11-01,48.84563376,2.309475839,Sèvres - Lecourbe,Renommé
Rue de Sèvres,1913-11-01,1907-10-15,48.84563376,2.309475839,Sèvres - Lecourbe,Renommé
Avenue de Suffren,1907-10-15,1906-04-24,48.84563376,2.309475839,Sèvres - Lecourbe,
Simplon,,1908-04-21,48.89463269,2.347091065,Simplon,
Solférino,,1910-11-05,48.85824935,2.323224843,Solférino,
Aubervilliers - Boulevard de la Villette,1946-02-10,1903-01-31,48.88426295,2.365823686,Stalingrad,
Stalingrad,,1946-02-10,48.88426295,2.365823686,Stalingrad,Renommé
Boulevard Saint-Denis,1931-05-05,1908-04-21,48.8695915,2.354008555,Strasbourg - Saint-Denis,
Strasbourg - Saint-Denis,,1931-05-05,48.8695915,2.354008555,Strasbourg - Saint-Denis,Renommé
Sully - Morland,,1930-06-03,48.85142483,2.36189425,Sully - Morland,
Télégraphe,,1935-04-28,48.87546271,2.398433983,Télégraphe,
Temple,,1904-10-19,48.866488,2.360595,Temple,
Ternes,,1902-10-07,48.878178,2.298671,Ternes,
Tolbiac,,1930-03-07,48.826665,2.357678,Tolbiac,
Trinité - d'Estienne d'Orves,,1910-11-05,48.87630241,2.333197296,Trinité - d'Estienne d'Orves,
Trocadéro,,1900-10-02,48.86330141,2.287060618,Trocadéro,
Tuileries,,1900-07-19,48.8644971,2.33031418,Tuileries,
Vaneau,,1923-12-30,48.848811,2.321205,Vaneau,
Varenne,1939-09-03,1923-12-30,48.85623757,2.314920723,Varenne,Fermée au début de la guerre
Varenne,,1962-12-24,48.85623757,2.314920723,Varenne,
Vaugirard,,1910-11-05,48.839649,2.301491,Vaugirard,
Vavin,,1910-01-09,48.84223223,2.328948677,Vavin,
Victor Hugo,1931-01-01,1900-12-13,48.872605,2.285477,Victor Hugo,Déplacé - coordonnées d'apres cartometro.com | Date de déplacement exacte inconnue
Victor Hugo,,1931-01-01,48.869817,2.285199,Victor Hugo,Déplacé - date exacte inconnue (1931) | Alignée sur la fermeture de l'ancien site
Villejuif - Léo Lagrange,,1985-02-28,48.80376846,2.363927364,Villejuif - Léo Lagrange,
Villejuif - Louis Aragon,,1985-02-28,48.78717548,2.36756444,Villejuif - Louis Aragon,
Villejuif - Paul Vaillant-Couturier,,1985-02-28,48.79599124,2.368248403,Villejuif - Paul Vaillant-Couturier,
Villiers,,1903-01-21,48.88113039,2.314867079,Villiers,
Volontaires,,1910-11-05,48.84134253,2.307504416,Volontaires,
Voltaire,,1933-12-10,48.85780289,2.380106449,Voltaire,
Wagram,,1910-05-23,48.884057,2.303668,Wagram,
Pont Cardinet,,2020-12-14,48.8895194,2.31530278,Pont Cardinet,
Saint-Ouen,,2020-12-14,48.9044972,2.32180556,Saint-Ouen,
Bagneux - Lucie Aubrac,,2022-01-13,48.80266078,2.31735617,Bagneux - Lucie Aubrac,
Barbara,,2022-01-13,48.8092,2.31766944,Barbara,
Aimé Césaire,,2022-05-31,48.90831679,2.37801969,Aimé Césaire,
Mairie d'Aubervilliers,,2022-05-31,48.9138,2.38065,Mairie d'Aubervilliers,
Coteaux Beauclair,,2024-06-13,48.88224,2.46735,Coteaux Beauclair,
La Dhuys,,2024-06-13,48.87811,2.46549,La Dhuys,
Montreuil - Hôpital,,2024-06-13,48.8783,2.45456,Montreuil - Hôpital,
Romainville - Carnot,,2024-06-13,48.88317,2.44052,Romainville - Carnot,
Rosny - Bois-Perrier,,2024-06-13,48.88242,2.48083,Rosny - Bois-Perrier,
Serge Gainsbourg,,2024-06-13,48.88136,2.42743,Serge Gainsbourg,
Aéroport d'Orly,,2024-06-24,48.72875283,2.36237026,Aéroport d'Orly,
Chevilly-Larue,,2024-06-24,48.75836,2.366663,Chevilly-Larue,
Hôpital Bicêtre,,2024-06-24,48.8098167,2.34978333,Hôpital Bicêtre,
L'Haÿ-les-Roses,,2024-06-24,48.7752778,2.35408333,L'Haÿ-les-Roses,
Saint-Denis - Pleyel,,2024-06-24,48.9176,2.34667,Saint-Denis - Pleyel,
Thiais - Orly,,2024-06-24,48.747367,2.372931,Thiais - Orly,
Villejuif - Gustave Roussy,,2025-01-18,48.79329,2.34926,Villejuif - Gustave Roussy,Traversée sans arrêt depuis le 24 juin 2024 | Ouverture au public le 18 janvier 2025
