OBJECTID,N_SQ_PE,L_EAU,C_DEP,C_NIVEAU,B_VISI,N_SQ_DE,SHAPE_Length,SHAPE_Area
1,750000206,Canal de l'Ourcq,75,0,O,1,3406.80461044334,42224.4985482437
2,750000177,Canal Saint-Denis,75,0,N,1,44.5059802200337,30.7145739437319
3,750000003,Bassin de la Villette,75,0,O,1,2142.07661550665,52419.8164381767
4,750000100,Canal de l'Ourcq,75,0,N,1,671.489778123679,3147.26469426527
5,910000003,Etang Vieux,91,0,O,7,3132.78441970224,312303.840000553
6,910000010,Seine,91,0,N,7,363.76288989084,2996.90277570929
7,910000005,Etang de Saclay,91,0,O,7,3579.94801928048,300151.920000325
8,910000004,Etang d'Orsigny,91,0,O,7,579.831059444907,5630.09999977238
9,910000010,Seine,91,0,N,7,257.665619465223,1505.17954050085
10,940000013,Yerres,94,0,N,4,412.369296630074,2513.50857748496
11,940000011,Seine,94,0,N,4,267.487464165768,1695.05131895713
12,910000010,Seine,91,0,O,7,59328.2872668188,3413029.31281854
13,910000010,Seine,91,0,N,7,316.560850904437,2214.12019132473
14,750000669,bassin biotope,75,0,O,1,218.351804526944,1402.57933829845
15,750000670,bassin biotope,75,0,O,1,198.798277727544,1664.92515938468
16,930000008,Canal de l'Ourcq,93,0,N,3,64.476879043403,110.644898517286
17,940000002,Darse,94,0,O,4,202.005904406485,2446.83122976401
18,910000011,Yerres,91,0,O,7,53454.6999386749,370452.472143176
19,770000009,Yerres,77,0,O,5,10678.591249646,49268.6143343206
20,940000013,Yerres,94,0,O,4,6628.69202011593,31724.5618196766
21,910000002,Essonne,91,0,O,7,137488.774802488,982346.581890866
22,770000011,Essonne,77,0,O,7,7037.83828024438,29202.6144919054
23,770000012,Essonne,77,0,O,7,2446.38438742028,7925.16742763303
24,920000018,Rond-Point des 24 Jets,92,0,O,2,677.890658937636,4344.66235596589
25,920000019,Réservoir,92,0,O,2,453.032097136955,10900.1386575762
26,920000022,Vieil Etang,92,0,O,2,591.774899901651,21956.0268558625
27,930000001,,93,0,O,3,10467.5651288639,199981.224467388
28,930000005,Canal de Chelles,93,0,N,3,117.47300346461,191.806249469842
29,930000009,Etang Corot,93,0,O,3,252.490100090175,3106.21897752093
30,930000007,Canal de l'Ourcq,93,0,N,3,2007.44356042329,8606.34353307191
31,930000008,Canal de l'Ourcq,93,0,O,3,32379.7191160809,312260.78907142
32,930000010,Etang de Maison Rouge,93,0,O,3,412.183255083518,5577.38448671295
33,930000011,Grand Lac,93,0,O,3,2202.36962559311,85478.3469389996
34,930000012,Lac de Maison Blanche,93,0,O,3,622.558716062007,23195.962995162
35,930000013,Lac de Savigny,93,0,O,3,1484.72240994062,50249.0195848489
36,930000014,Lac de Sévigné,93,0,O,3,323.770801154809,7859.0444857283
37,930000015,Marne,93,0,N,3,965.45255197077,3806.21226997235
38,940000002,Darse,94,0,O,4,1022.8426674061,7017.68417380709
39,940000003,Golf d'Ormesson,94,0,O,4,132.644834867921,1063.49229406397
40,750000007,Etang de Suresnes,75,0,O,1,717.549868505815,14912.7745266611
41,750000008,Etang de l'Abbaye,75,0,O,1,224.692182430489,2551.75417014218
42,750000317,,75,0,O,1,38.4320123618574,117.380537931581
43,930000016,Marne,93,0,O,3,14776.6858075785,371000.105930997
44,940000001,,94,0,O,4,45417.1407721035,1286456.25871855
45,940000004,Marne,94,0,N,4,5888.01841924052,38137.1909210089
46,940000005,Marne,94,0,O,4,72650.6304508627,1757094.42063007
47,940000006,Parc Corot,94,0,O,4,87.2538768804948,362.019190745994
48,940000007,Passerelle de Saint-Maurice,94,0,O,4,2361.11573812627,16676.6881022604
49,940000008,Port Autonome de Paris,94,0,N,4,66.4444041045265,248.546002665069
50,750000005,Etang de Boulogne,75,0,O,1,765.627973913283,12859.3386847175
51,750000006,Etang de Longchamp,75,0,O,1,760.62618633288,9430.91776737769
52,750000011,Mare d'Armenonville,75,0,O,1,284.616095264177,2641.291801148
53,940000009,Port Autonome de Paris,94,0,O,4,7140.5570293939,213016.885824485
54,940000012,Usine des Eaux,94,0,O,4,417.574222997288,4238.70421824126
55,950000001,,95,0,O,8,22128.6271156382,682753.79454763
56,950000002,Base de Loisir,95,0,O,8,10901.4612944953,1008990.61627563
57,920000021,Seine,92,0,O,2,378.933713888054,42.4026860301511
58,750000001,Bassin de l'Arsenal,75,0,N,1,91.323724636025,132.399109396815
59,750000002,Bassin de la Villette,75,0,N,1,214.015435416567,327.647429558079
60,750000004,Darse du Fond de Rouvray,75,0,O,1,562.419619386229,3442.47948140959
61,750000318,,75,0,O,1,11.7506930922302,10.9609529442694
62,750000319,,75,0,O,1,178.524175956277,2370.71676359036
63,750000013,Canal Saint-Denis,75,0,N,1,588.638185692426,3771.65824314415
64,750000666,Lac des Minimes,75,0,O,1,3298.77227675022,59704.1919523349
65,750000363,,75,0,O,1,481.530892190037,3201.64787882658
66,750000668,,75,0,O,1,117.915525313268,151.331341311439
67,750000079,Canal Saint-Martin,75,0,N,1,4645.36240844935,59988.2476210756
68,750000163,Bassin de l'Arsenal,75,0,O,1,1345.38338703906,27001.1315293436
69,750000364,,75,0,O,1,21.3764082150334,36.2922750385535
70,750000365,,75,0,O,1,42.7662364906709,97.8674632572322
71,750000090,Canal Saint-Martin,75,0,O,1,3572.47066596971,35981.5945595538
72,750000165,Lac Pour le Patinage,75,0,O,1,921.364865252897,13986.9255351877
73,750000246,,75,0,O,1,69.3334589399793,382.524271368827
74,750000249,,75,0,O,1,9.80378826288407,6.29179972558477
75,750000366,,75,0,O,1,77.0402664595857,471.844454106565
76,750000413,,75,0,O,1,90.3305583518782,488.221778314954
77,750000173,Lac Superieur,75,0,O,1,1042.66585643092,28031.4398217985
78,750000176,Mare Saint-James,75,0,O,1,1123.49035880398,18458.3638441886
79,750000232,Plan d'Eau de l'Hippodrome de Vincennes,75,0,O,1,261.430770569439,3437.37792360172
80,750000307,,75,0,O,1,170.945127415318,456.497317560858
81,750000177,Canal Saint-Denis,75,0,O,1,3828.52175555664,43577.9013518941
82,750000185,Etang des Tribunes,75,0,O,1,886.126005760564,11884.2008131385
83,750000310,,75,0,O,1,7.46164280576434,4.20001693090445
84,750000312,,75,0,O,1,29.6557375665415,43.5488467111287
85,750000313,,75,0,O,1,13.3662809144299,13.4422302485693
86,750000215,Lac Inferieur,75,0,O,1,4233.50611026653,102826.305704268
87,750000216,,75,0,O,1,167.079479470433,1775.02145890941
88,750000217,,75,0,O,1,60.3935737889788,140.021735907596
89,750000218,,75,0,O,1,50.1920034243281,125.873901048239
90,750000219,,75,0,O,1,34.6788447065807,95.5590322562812
91,750000230,,75,0,O,1,603.717581767647,9190.04367979899
92,750000314,,75,0,O,1,40.6215740109622,96.7982066606526
93,750000315,,75,0,O,1,9.13140246528719,6.6171775515906
94,750000316,,75,0,O,1,36.5657352239558,101.171622368845
95,750000250,,75,0,O,1,267.273485785177,2044.75579757279
96,750000251,,75,0,O,1,19.1098701536883,29.0208264814487
97,750000253,,75,0,O,1,190.676774961533,2123.75707235188
98,750000257,,75,0,O,1,20.0349683813492,23.2481978500126
99,750000262,,75,0,O,1,48.888061478312,106.042182431057
100,750000264,,75,0,O,1,52.1433767641296,173.619811403028
101,750000265,,75,0,O,1,153.301302074792,1870.12563601809
102,750000274,,75,0,O,1,28.4005981729491,64.0987292585335
103,750000280,,75,0,O,1,151.305001948351,431.090052475475
104,750000288,,75,0,O,1,6.86447176757341,2.23833750310019
105,750000291,,75,0,O,1,99.8460782536172,461.401968472622
106,750000320,,75,0,O,1,59.9933449561176,286.408046354843
107,750000321,,75,0,O,1,32.0148585692023,67.875834043951
108,750000322,,75,0,O,1,134.751682095137,493.827719031563
109,750000323,,75,0,O,1,10.561586074566,8.85451865346606
110,750000324,,75,0,O,1,104.633685246619,327.64478816601
111,750000325,,75,0,O,1,10.592602398268,8.90296777424215
112,750000328,,75,0,O,1,52.3864609010576,171.158741988605
113,750000330,,75,0,O,1,98.7051877262092,608.918161210775
114,750000332,,75,0,O,1,22.6573733506697,32.6166545102411
115,750000333,,75,0,O,1,98.9514730373557,611.961422881101
116,750000334,,75,0,O,1,23.6669151386958,34.8578255549841
117,750000335,,75,0,O,1,11.7076100363348,8.37588336123234
118,750000336,,75,0,O,1,74.6056166749611,305.133228290974
119,750000337,,75,0,O,1,143.491921706318,312.887000431395
120,750000369,,75,0,O,1,63.7310761010528,40.5542494661194
121,750000338,,75,0,O,1,107.972143905177,459.494367633404
122,750000339,,75,0,O,1,6.52364051949884,3.37516738840312
123,750000340,,75,0,O,1,115.444994729145,511.4774973356
124,750000341,,75,0,O,1,13.0882062351384,13.5995559364659
125,750000342,,75,0,O,1,259.754440912579,1715.45534416856
126,750000343,,75,0,O,1,351.751180012252,637.953508991696
127,750000344,,75,0,O,1,29.4957833590545,39.8366567704068
128,750000370,,75,0,O,1,36.4802459632528,20.9695421592203
129,750000372,,75,0,O,1,37.6623604299869,41.5321042299025
130,750000375,,75,0,O,1,47.5354349126772,129.372525158157
131,750000345,,75,0,O,1,213.425704667808,1678.82914045327
132,750000346,,75,0,O,1,56.1701475538889,250.712010157189
133,750000347,,75,0,O,1,24.3303650051475,47.0222079519264
134,750000348,,75,0,O,1,68.3958071064566,83.4832659987337
135,750000349,,75,0,O,1,26.2895099860674,27.8810119724106
136,750000350,,75,0,O,1,136.055850584438,243.194701083304
137,750000351,,75,0,O,1,15.4558915972624,16.0589764934404
138,750000352,,75,0,O,1,115.965235163647,577.384201298939
139,750000353,,75,0,O,1,97.1988977104716,230.928092497836
140,750000354,,75,0,O,1,80.114421796417,275.82268968307
141,750000355,,75,0,O,1,85.4086111304888,313.896856187101
142,750000356,,75,0,O,1,117.057834044408,353.542944511774
143,750000357,,75,0,O,1,84.6835940588301,307.083799152311
144,750000358,,75,0,O,1,84.4283374151042,306.276338996254
145,750000359,,75,0,O,1,116.107742406241,578.397812782764
146,750000360,,75,0,O,1,79.5364398162419,272.311996853101
147,750000361,,75,0,O,1,42.2733305222706,96.2628210055658
148,750000384,,75,0,O,1,186.829133877755,469.783683687613
149,750000390,,75,0,O,1,128.136530063692,1304.16142807548
150,750000391,,75,0,O,1,77.4046356252163,476.303045752238
151,750000392,,75,0,O,1,64.5005544874932,103.415675302667
152,750000393,,75,0,O,1,55.7770405460419,106.951817835846
153,750000394,,75,0,O,1,163.83851463047,376.98718155837
154,750000395,,75,0,O,1,34.9797260485639,97.3656589666842
155,750000396,,75,0,O,1,155.137964289552,1651.67410952971
156,750000397,,75,0,O,1,34.8932753194426,96.8854971400066
157,750000398,,75,0,O,1,539.778927748997,1720.40523814275
158,750000399,,75,0,O,1,122.788323375963,882.931045788809
159,750000400,,75,0,O,1,213.250450032499,3430.62519609193
160,750000401,,75,0,O,1,402.304896864068,1026.67144783109
161,750000402,,75,0,O,1,270.170390466727,569.132865785392
162,750000403,,75,0,O,1,45.3667524611641,163.77755959711
163,750000404,,75,0,O,1,81.8579355223493,532.733788729525
164,750000405,,75,0,O,1,23.4060945203619,43.59499697186
165,750000414,,75,0,O,1,61.714903682869,89.042181261155
166,750000415,,75,0,O,1,341.580567876404,825.068630615617
167,750000406,,75,0,O,1,23.4901651649815,43.9087288011902
168,750000407,,75,0,O,1,177.84966870184,359.562235939214
169,750000408,,75,0,O,1,19.3161886630703,29.689360999279
170,750000409,,75,0,O,1,46.1599380684911,169.554556515146
171,750000410,,75,0,O,1,238.259950377646,454.603013216542
172,750000411,,75,0,O,1,824.194878302457,1651.36143348349
173,750000412,,75,0,O,1,68.6867400336959,97.3461530462239
174,750000416,,75,0,O,1,287.074771061962,483.374844034179
175,750000417,,75,0,O,1,31.1728626596752,50.9317116487279
176,750000418,,75,0,O,1,23.5921253860919,44.2907371278283
177,750000419,,75,0,O,1,23.5362400461752,44.0811526389794
178,750000420,,75,0,O,1,49.0308867123494,119.911224211217
179,750000421,,75,0,O,1,49.4109131057278,122.381763201069
180,750000422,,75,0,O,1,17.5631593812159,24.5461702268366
181,750000437,,75,0,O,1,192.635808250421,961.257690640387
182,750000423,,75,0,O,1,27.9824614312409,36.154289780209
183,750000425,,75,0,O,1,38.7559520146682,113.29987115326
184,750000426,,75,0,O,1,28.9572527977879,66.725767816924
185,750000427,,75,0,O,1,28.8208275964512,66.0985318819766
186,750000428,,75,0,O,1,154.993212293601,267.05906747509
187,750000429,,75,0,O,1,28.9011863464752,66.4676333960054
188,750000430,,75,0,O,1,17.4494464743324,24.2293497216007
189,750000431,,75,0,O,1,29.10110297923,67.3903606245141
190,750000432,,75,0,O,1,103.539475303568,440.27567324754
191,750000433,,75,0,O,1,28.8661851446991,66.3067425127959
192,750000434,,75,0,O,1,28.9817086960642,66.8385218661397
193,750000435,,75,0,O,1,331.208946732793,1519.57691697343
194,750000436,,75,0,O,1,162.681851433642,464.388352947211
195,750000438,,75,0,O,1,135.460753026629,1005.79599011268
196,750000439,,75,0,O,1,433.724776086349,708.061263398042
197,750000440,,75,0,O,1,24.4281541585668,47.4068204769006
198,750000441,,75,0,O,1,85.6798174938231,217.747195576852
199,750000442,,75,0,O,1,38.0328002482898,99.0361503234298
200,750000443,,75,0,O,1,683.491250619891,446.3527122436
201,750000444,,75,0,O,1,78.1548658323104,382.672559456628
202,750000445,,75,0,O,1,128.53792109828,358.964020811376
203,750000446,,75,0,O,1,340.992197712211,3183.74753933157
204,750000447,,75,0,O,1,23.5157490142816,28.614845141429
205,750000448,,75,0,O,1,81.177570023939,403.025769696575
206,750000449,,75,0,O,1,84.0296191476232,159.932508390951
207,750000450,,75,0,O,1,131.087257893499,369.313960138889
208,750000451,,75,0,O,1,46.1480254128341,66.406294272634
209,750000452,,75,0,O,1,57.64095245934,92.6590832441861
210,750000453,,75,0,O,1,229.742010524407,1259.95071129829
211,750000454,,75,0,O,1,301.31378762184,1364.96692770514
212,750000456,,75,0,O,1,32.4689227272204,83.8908668914612
213,750000457,,75,0,O,1,136.500693583132,203.609488580543
214,750000458,,75,0,O,1,56.9845384447778,221.629355566792
215,750000459,,75,0,O,1,157.604018666126,746.632273250227
216,750000455,,75,0,O,1,983.209731325945,19295.3793028704
217,750000479,Etang des Reservoirs,75,0,O,1,552.385115917443,9391.16322496531
218,750000480,Lac de Saint-Mande,75,0,O,1,1040.45510690557,13357.0528599096
219,750000481,,75,0,O,1,58.0072007996682,77.215196649859
220,750000482,,75,0,O,1,16.625570274477,15.6420011137349
221,750000483,,75,0,O,1,20.1357769741486,19.4439708406511
222,750000484,,75,0,O,1,65.3340783838264,73.8596522708508
223,750000485,,75,0,O,1,135.219997656613,234.235148355711
224,750000486,,75,0,O,1,48.4383771377636,35.2001415606887
225,750000487,,75,0,O,1,139.45445874659,254.894477198556
226,750000617,,75,0,O,1,68.6610190219344,67.325866967053
227,750000488,,75,0,O,1,317.440998693707,753.938211230357
228,750000489,,75,0,O,1,37.3938576859953,55.0794165659177
229,750000490,,75,0,O,1,153.614202129101,386.331482164937
230,750000491,,75,0,O,1,235.100640188693,499.783379251568
231,750000492,,75,0,O,1,243.452003539126,406.848163635041
232,750000493,,75,0,O,1,469.646177548996,1397.77453932787
233,750000494,,75,0,O,1,288.931652179686,382.359354994089
234,750000495,,75,0,O,1,143.871790508285,315.522275308445
235,750000497,,75,0,O,1,451.210444855393,919.173724977012
236,750000498,,75,0,O,1,432.252809934323,836.123567679076
237,750000499,,75,0,O,1,514.524106781727,922.149925880314
238,750000500,,75,0,O,1,600.813245864147,1490.82218635485
239,750000501,,75,0,O,1,183.259367546494,387.942707068303
240,750000502,,75,0,O,1,289.221905795073,576.196445101882
241,750000503,,75,0,O,1,42.9472917128524,73.3389440207616
242,750000504,,75,0,O,1,733.493635085743,1613.83056504326
243,750000505,,75,0,O,1,291.882879875772,828.586290556595
244,750000506,,75,0,O,1,156.120098947051,328.787707937566
245,750000507,,75,0,O,1,163.415487901211,222.521488775991
246,750000508,,75,0,O,1,361.059700393199,977.362813461616
247,750000509,,75,0,O,1,322.279536626151,604.717878228771
248,750000511,,75,0,O,1,456.358679128776,951.902438584802
249,750000512,,75,0,O,1,236.018766047514,756.131932507048
250,750000513,,75,0,O,1,64.36283128664,182.974557059606
251,750000514,,75,0,O,1,478.851081624698,1025.95048364199
252,750000515,,75,0,O,1,933.092033933446,3082.91777375484
253,750000516,,75,0,O,1,166.809879646084,484.784335245994
254,750000518,,75,0,O,1,266.645731902155,593.139242680114
255,750000519,,75,0,O,1,278.63891196146,640.415805192298
256,750000520,,75,0,O,1,186.833660832239,336.938807685171
257,750000521,,75,0,O,1,92.4501892791548,130.616481507876
258,750000522,,75,0,O,1,357.312146126586,965.24158220562
259,750000523,,75,0,O,1,68.0034724916366,134.815438543966
260,750000524,,75,0,O,1,166.983120444603,509.528487698481
261,750000525,,75,0,O,1,24.1338329424144,29.7945358690234
262,750000526,,75,0,O,1,65.6193285823538,109.458074325329
263,750000542,,75,0,O,1,355.739296446543,376.335725617683
264,750000543,Lac des Minimes,75,0,N,1,52.205295397341,61.311719618799
265,750000619,,75,0,O,1,65.9340054918598,269.479358174778
266,750000621,,75,0,O,1,40.9708821785046,104.725397700932
267,750000527,Lac Daumesnil,75,0,O,1,3311.76682782605,101943.498482476
268,750000528,Lac Daumesnil,75,0,N,1,91.2544334185944,180.869682763504
269,750000532,Lac de Gravelle,75,0,O,1,588.630582916483,13008.0773530161
270,750000534,,75,0,O,1,169.839392703575,395.685991826866
271,750000535,,75,0,O,1,117.27004702796,174.634570536725
272,750000536,,75,0,O,1,109.565422646966,134.629872065634
273,750000537,,75,0,O,1,91.0773988553916,123.33855226748
274,750000538,,75,0,O,1,114.555788061153,150.772735683853
275,750000539,,75,0,O,1,174.750532097114,297.479393920456
276,750000540,,75,0,O,1,69.9020635880802,90.9373848158136
277,750000541,,75,0,O,1,213.22095185804,427.183600365143
278,750000613,,75,0,O,1,45.3676996182131,50.6185718207948
279,750000544,,75,0,O,1,980.104795527322,1303.63153556138
280,750000545,,75,0,O,1,158.793778267815,138.84407095975
281,750000546,,75,0,O,1,46.1914560578013,60.2849014831462
282,750000547,,75,0,O,1,199.415876854602,250.058200380419
283,750000548,,75,0,O,1,101.977762877015,138.281045308227
284,750000549,,75,0,O,1,127.380653771713,270.094727885406
285,750000550,,75,0,O,1,866.0339219057,954.499875267896
286,750000551,,75,0,O,1,65.954541203418,78.1598935241747
287,750000554,,75,0,O,1,161.522791774852,877.259146376837
288,750000555,,75,0,O,1,135.460270860961,144.655836628393
289,750000556,,75,0,O,1,285.562337488102,271.770015376333
290,750000615,,75,0,O,1,61.1751789374558,123.328522153283
291,750000616,,75,0,O,1,61.4613781918514,80.7671112934869
292,770000003,Canal de l'Ourcq,77,0,N,5,118.950345783603,288.363672943328
293,750000588,Plan d'Eau du Parc Floral,75,0,O,1,1274.17215002748,6820.29550380662
294,750000607,,75,0,O,1,76.1996511384513,413.719403448235
295,750000609,Plan d'Eau du Club d'Equitation Bayard,75,0,O,1,115.25831056374,770.145890409993
296,750000612,,75,0,O,1,150.094395472287,779.853982728633
297,750000635,Plan d'Eau de l'Ecole du Breuil,75,0,O,1,374.402405736254,1099.29540916214
298,750000636,Plan d'Eau de l'Arboretum de l'Ecole du Breuil,75,0,O,1,1827.02185041466,802.124969635767
299,750000653,,75,0,O,1,45.2557839703516,47.0844648954708
300,750000654,,75,0,O,1,29.3456418105133,46.0144730194341
301,750000655,,75,0,N,1,5.43445806086467,1.7463101708625
302,750000657,,75,0,N,1,9.51202719248549,4.59993323128464
303,750000659,,75,0,O,1,493.382181984699,1071.52722481154
304,750000660,,75,0,O,1,419.016670450632,1263.9321612919
305,770000001,,77,0,O,5,40161.4214161905,1229981.94244045
306,770000002,Canal de Chelles,77,0,O,5,11589.8280939185,132006.469870769
307,770000004,Canal de l'Ourcq,77,0,O,5,12809.4630504175,98553.8507278452
308,770000005,Etang de Vaires-Sur-Marne,77,0,O,5,5852.59080191014,867748.972472012
309,770000006,Marne,77,0,N,5,146.790420210977,243.103453509828
310,770000007,Marne,77,0,O,5,236390.344249749,8209758.3956437
311,770000008,Seine,77,0,O,5,243121.214532002,9972958.69081238
312,910000001,,91,0,O,7,1056.48100149032,30020.0232280091
313,770000010,Yonne,77,0,O,5,30943.7034012956,997548.677521252
314,780000002,Bassin de Neptune,78,0,O,6,492.575729876442,10655.59538761
315,910000001,,91,0,N,7,39.0476535795136,41.9821744588445
316,780000004,Etang de Saint-Quentin,78,0,O,6,9368.28822518739,1112962.2029364
317,780000005,Etang des Noes,78,0,O,6,2356.67988395091,228881.383129503
318,780000006,Grand Canal,78,0,O,6,5540.9030838771,237409.922389221
319,780000008,Pièce d'Eau des Suisses,78,0,O,6,1660.05098854129,141555.836254179
320,780000001,,78,0,O,6,53681.2231585899,3030940.44850889
321,780000009,Seine,78,0,N,6,2058.58191189535,15584.5660257223
322,910000001,,91,0,O,7,41.7155885280139,80.0232087722992
323,910000001,,91,0,O,7,154.169171026865,1443.0300000117
324,910000001,,91,0,O,7,398.213019366975,7022.2150002452
325,910000001,,91,0,O,7,564.896660388332,11761.2350002018
326,910000001,Etang de la justice,91,0,O,7,2670.64521034844,323204.312595817
327,910000001,,91,0,O,7,3698.36741572944,121698.040000261
328,910000001,,91,0,O,7,747.558819130617,15928.5450000323
329,920000003,Etang,92,0,O,2,2001.68869832126,27489.4888769744
330,920000004,Etang Colbert,92,0,O,2,537.154591172309,16461.4230062657
331,920000005,Etang Neuf,92,0,O,2,802.529635729481,30287.4318788034
332,910000001,,91,0,O,7,139.138403255092,569.354999976866
333,910000001,,91,0,O,7,246.750035675194,1397.46999999147
334,910000001,,91,0,O,7,283.687271009712,4927.88500002041
335,920000002,Bassin du Bel Air,92,0,O,2,589.627413951883,13583.3256055649
336,920000006,Etang de Brisemiche,92,0,O,2,355.211675532059,2131.93414473069
337,920000007,Etang de Chalais,92,0,O,2,666.680478482399,32055.706186386
338,920000008,Etang de Meudon,92,0,O,2,494.044905131803,15038.200287139
339,920000009,Etang de Retenue,92,0,O,2,969.85743625166,22590.8586853505
340,920000010,Etang de Saint Cucufa,92,0,O,2,720.886715599659,20963.8126016366
341,920000011,Etang de Trivaux,92,0,O,2,424.536534476614,9848.490377209
342,920000012,Etang de Villebon,92,0,O,2,584.585626146156,18091.2716458141
343,920000013,Etang de Villeneuve,92,0,O,2,727.340746335967,27294.5068111741
344,920000014,Etang du Soleil,92,0,O,2,247.80156824844,4116.09589990353
345,920000015,Grande Gerbe,92,0,O,2,202.100208745091,3248.47928057257
346,920000016,Lycee Professionnel Saint-Philippe,92,0,O,2,100.032625820464,610.642687138808
347,750000108,Seine,75,0,N,1,11962.8679230532,119042.014517097
348,750000036,Seine,75,0,O,1,45747.6280807493,1841251.68015192
349,920000021,Seine,92,0,O,2,1029.57041945829,36325.4950556758
350,920000021,Seine,92,0,N,2,221.051267680042,1599.83242130878
351,930000003,Canal Saint-Denis,93,0,N,3,237.93722238453,466.592609245934
352,910000001,,91,0,O,7,525.43218583612,8199.86999995925
353,910000001,,91,0,O,7,99.7728550719348,477.175000088662
354,910000001,,91,0,O,7,194.336295419484,998.879999844432
355,910000001,,91,0,O,7,1783.78146683327,6865.19499998532
356,910000001,,91,0,O,7,252.261022378005,4172.57499982081
357,910000001,,91,0,O,7,334.408133425897,954.599999770522
358,910000001,,91,0,O,7,132.377955522596,655.67499988284
359,910000001,,91,0,O,7,86.2570949245884,520.16500002224
360,910000001,,91,0,O,7,212.606730949229,1874.38499988109
361,910000001,,91,0,O,7,147.434013595264,1441.42000008479
362,910000001,,91,0,O,7,529.992092239684,19367.7831751037
363,910000001,,91,0,O,7,82.8545462912656,477.914999994859
364,910000001,,91,0,O,7,77.1053790743545,434.575000027567
365,910000001,,91,0,O,7,2020.85966207392,33022.8600000592
366,910000001,,91,0,O,7,442.986559792561,7653.539999898
367,910000001,Etang de la Place Verte,91,0,O,7,2702.48497307102,112082.142759291
368,910000001,,91,0,O,7,47.0210004182037,160.379999964759
369,910000001,,91,0,O,7,244.657279661704,2259.5300000836
370,910000001,,91,0,O,7,397.065708522685,5389.23500008617
371,910000001,,91,0,O,7,6725.40059310928,144376.390000482
372,910000001,,91,0,O,7,374.868636041022,4289.98499983937
373,910000001,,91,0,O,7,3750.0408164514,233385.490000235
374,910000001,,91,0,O,7,986.955308205824,13033.7600001284
375,910000001,,91,0,O,7,3442.02588739926,232570.665000087
376,910000001,,91,0,O,7,67.1383593151079,321.4150000038
377,910000001,,91,0,O,7,255.58735797137,3801.30500002064
378,910000001,,91,0,O,7,19.4536044097019,16.8104796522242
379,910000001,,91,0,O,7,614.020274625374,20360.5249999044
380,910000012,,91,0,O,7,4801.09367373889,18074.2796417192
381,910000001,Pièce d'eau de l'Amiral Merveilleux du Vignaux,91,0,O,7,727.637797125745,28570.3861157074
382,910000001,,91,0,O,7,261.093507777186,2060.64999994412
383,910000001,,91,0,O,7,121.960618276912,722.494999848418
384,910000012,,91,0,N,7,557.80237438815,1396.94204694831
385,910000001,,91,0,O,7,3225.44814734556,71134.3150008701
386,910000001,,91,0,O,7,74.7714456456592,343.104999962524
387,910000001,,91,0,O,7,62.4538062424087,192.234999968819
388,910000001,,91,0,O,7,127.66528714561,1004.86500000659
389,910000001,,91,0,O,7,364.517322437331,5957.81999999631
390,910000001,,91,0,O,7,670.091629284994,16255.0949999116
391,910000001,,91,0,O,7,442.38949520096,10878.209999953
392,910000001,,91,0,O,7,497.338329287489,11007.9849998343
393,910000001,Etang des Noues de Seine,91,0,O,7,2912.35754778972,259059.211791831
394,910000001,,91,0,O,7,99.1543161363195,388.724999994785
395,910000001,,91,0,O,7,84.7913221802454,541.660000059344
396,910000001,,91,0,O,7,261.841898587537,3070.40500014786
397,910000001,Etang de la Plaine Basse,91,0,O,7,3014.42585582006,200786.14846475
398,910000001,,91,0,O,7,593.18221328018,15896.5799998953
399,910000001,,91,0,O,7,44.4185401516778,146.969999966882
400,910000001,,91,0,N,7,39.6722890630166,35.0101319678562
401,910000001,,91,0,O,7,239.096625468644,3288.68999988887
402,910000001,Lac des Castors,91,0,O,7,329.077352679127,6647.59000036422
403,910000001,,91,0,O,7,518.767878244047,8678.745000223
404,910000001,,91,0,O,7,179.203423343178,2228.22499996349
405,910000001,,91,0,O,7,286.587807341991,2421.48500000123
406,910000001,,91,0,O,7,462.154289312877,5119.0650000051
407,910000001,,91,0,O,7,3754.23739152303,92129.7900002647
408,910000001,,91,0,O,7,2044.97569158999,54458.7650003476
409,910000001,,91,0,O,7,594.305917255557,14920.3050000456
410,910000001,,91,0,O,7,128.138219151225,996.040000022613
411,910000001,,91,0,O,7,213.618041871265,1995.02500004582
412,910000001,,91,0,O,7,139.670386053374,942.174999888055
413,910000001,,91,0,N,7,59.0954675403121,75.4607620456036
414,910000001,,91,0,O,7,998.678041098853,13166.6600001786
415,910000001,,91,0,O,7,882.833777452593,10029.7599999828
416,910000001,,91,0,O,7,213.482395053682,3017.54999996889
417,910000001,,91,0,N,7,45.0261600021657,108.760106946022
418,0,,92,0,O,,175.385039758811,1713.75879981687
419,0,,92,0,O,,190.448861452112,2018.37631585472
420,0,,92,0,O,,218.148858896642,2972.8407828403
421,750000021,,75,0,N,1,795.905936713596,1750.22402929112
422,750000186,Ruisseau de Longchamp,75,0,O,1,6377.75937789685,10954.2382305825
423,780000011,Yvette,78,0,N,6,395.118921612419,1068.63875753569
424,910000006,Orge,91,0,N,7,1357.69550622662,3442.9755474357
425,750000462,,75,0,O,1,2693.72033588187,18241.2003824953
426,750000168,Ruisseau des Sablons,75,0,O,1,2559.09907367017,5407.69026898762
427,930000006,Canal de Chelles,93,0,O,3,6509.85269457359,79492.034792326
428,910000001,,91,0,O,7,421.431699203544,593.418363899105
429,750000156,Ruisseau d'Armenonville,75,0,O,1,2660.94576484891,5512.63008790315
430,930000017,Seine,93,0,N,3,249.378360577401,2177.3565512528
431,930000017,Seine,93,0,N,3,169.760385100711,1747.01196718939
432,930000017,Seine,93,0,N,3,239.022431685833,1522.57898753999
433,940000011,Seine,94,0,O,4,35992.2853496939,1989543.847343
434,0,,75,0,O,,81.206205589199,175.826780949956
435,0,,75,0,O,,205.210747049436,465.683386519813
436,930000017,Seine,93,0,N,3,192.30704041604,858.609217347303
437,930000017,Seine,93,0,N,3,125.213066627037,884.629086954354
438,930000017,Seine,93,0,N,3,265.828270364318,1543.37959913559
439,930000017,Seine,93,0,N,3,54.05236562176,173.912144453712
440,930000017,Seine,93,0,N,3,284.683822121958,2986.52287701327
441,920000017,Port de Gennevilliers,92,0,O,2,13074.7373087807,495232.473373971
442,950000004,Seine,95,0,N,8,1887.82693708176,13376.0215471113
443,0,,77,0,O,,305.74078536421,4345.81245007039
444,940000011,Seine,94,0,N,4,295.077929599001,3315.55625230707
445,940000011,Seine,94,0,N,4,283.180104809967,1591.16561112962
446,940000011,Seine,94,0,N,4,679.856758979445,8734.25246301275
447,940000011,Seine,94,0,N,4,316.029828135289,1423.08032772781
448,940000011,Seine,94,0,N,4,442.888004413177,2654.86155224316
449,940000011,Seine,94,0,N,4,282.848152483696,2605.01969312755
450,940000011,Seine,94,0,N,4,339.102179903306,1313.90900158747
451,940000011,Seine,94,0,N,4,317.824492311063,2317.54890904285
452,940000011,Seine,94,0,N,4,302.986371411859,2115.11547594575
453,930000002,Canal Saint-Denis,93,0,N,3,1602.31166136233,9075.73560364205
454,930000003,Canal Saint-Denis,93,0,O,3,12775.9251430138,165635.795476537
455,920000020,Port de Gennevilliers,92,0,N,2,686.875211313732,5153.58146284425
456,0,,93,0,O,,927.168761498611,8176.56367808765
457,950000005,Seine,95,0,O,8,20348.826117814,773402.39040278
458,950000005,Seine,95,0,O,8,179.172028702568,258.928968305269
459,950000005,Seine,95,0,O,8,18415.8917222447,1042969.99376503
460,950000005,Seine,95,0,O,8,4343.48874097013,177345.572111731
461,950000005,Seine,95,0,O,8,4476.92026255204,138357.205692695
462,780000010,Seine,78,0,O,6,335004.167342644,20597405.3222007
463,0,,93,0,N,,112.427867490962,371.130394227489
464,930000004,Canal Saint-Martin,93,0,N,3,304.84223156133,1700.30102467172
465,0,,75,0,O,,140.136067726813,514.518585980986
466,0,,75,0,O,,104.355853580232,267.472505691118
467,0,,75,0,O,,108.102145127573,332.45224148912
468,0,,75,0,N,,23.4161533745622,26.2378632575106
469,0,,75,0,O,,2413.0412168508,4898.05648154897
470,0,,75,0,O,,76.6737118981309,297.16465293525
471,0,,75,0,N,,62.6165046154003,74.9996122411513
472,0,,75,0,O,,60.8576588348038,201.707289237447
473,0,,75,0,N,,72.9420949565624,67.5826044966279
474,930000017,Seine,93,0,N,3,92.1603060744764,425.231911240051
475,0,Seine,93,0,N,,121.341703450463,462.314703632095
476,930000017,Seine,93,0,N,3,223.967081982239,902.601975370391
477,0,,0,0, ,,166.071868535132,2056.94916196604
478,920000001,,92,0,O,2,12201.9969621636,259812.429105051
479,930000018,Seine,93,0,O,3,30795.3739211963,1055266.28191721
480,930000017,Seine,93,0,N,3,229.864859910731,1429.97216576873
481,950000003,Oise,95,0,O,8,96193.730578458,3493480.58758153
482,780000007,Oise,78,0,O,6,5652.86502799554,214948.340360568
483,930000017,Seine,93,0,N,3,113.706933793919,604.388057369091
484,920000021,Seine,92,0,O,2,100204.189167963,3587850.19558211
485,920000020,Seine,92,0,N,2,9742.34867621395,88388.1404424035
486,910000008,Rigole de Favreuse,91,0,O,7,15157.8731214902,145926.776557286
487,910000012,Yvette,91,0,O,7,27419.4834140859,114776.088175991
488,910000006,Orge,91,0,O,7,50558.8823982653,225121.46082656
489,910000007,Rigole Domaniale,91,0,O,7,32162.7738138414,258810.628823288
